Timestamp_ms,GyroX,GyroY,GyroZ,AccelX,AccelY,AccelZ
48088, -550, 298, 791, 156, -104, 14776
48098, -602, -22, 1049, -360, -228, 14876
48108, -361, -703, -128, -1392, -232, 15520
48118, -359, 381, 122, -1536, -76, 15032
48128, -336, 246, 113, -744, -284, 15228
48138, -356, 107, 162, -680, -164, 15208
48148, -353, 128, 107, -824, -244, 15292
48158, -345, 133, 119, -864, -200, 15180
48168, -339, 117, 133, -944, -212, 15136
48178, -353, 102, 114, -916, -148, 15176
48188, -349, 128, 129, -940, -236, 15156
48198, -324, 114, 121, -844, -236, 15312
48208, -350, 147, 138, -832, -136, 15200
48218, -347, 137, 108, -868, -188, 15112
48228, -311, 118, 131, -864, -128, 15040
48238, -335, 112, 114, -816, -188, 15204
48248, -351, 110, 125, -916, -176, 15316
48258, -368, 129, 125, -932, -196, 15252
48268, -361, 120, 146, -828, -156, 15120
48278, -357, 119, 124, -788, -228, 15236
48288, -346, 106, 122, -780, -336, 15280
48298, -353, 138, 132, -944, -240, 15188
48308, -347, 113, 122, -896, -236, 15208
48318, -328, 130, 116, -812, -256, 15152
48328, -323, 141, 123, -820, -208, 15096
48338, -356, 119, 129, -796, -232, 15228
48348, -333, 153, 130, -752, -268, 15228
48358, -343, 137, 132, -940, -232, 15224
48368, -331, 128, 138, -904, -184, 15204
48378, -343, 147, 133, -884, -248, 15128
48388, -358, 116, 134, -832, -196, 15032
48398, -346, 138, 138, -912, -164, 15224
48408, -340, 123, 119, -876, -156, 15328
48418, -339, 113, 139, -892, -168, 15212
48428, -336, 132, 123, -868, -264, 15088
48438, -363, 108, 115, -936, -164, 15236
48448, -350, 119, 140, -888, -144, 15264
48458, -340, 148, 125, -860, -200, 15244
48468, -354, 128, 132, -820, -304, 15076
48478, -338, 124, 131, -788, -172, 15208
48488, -349, 144, 141, -904, -228, 15208
48498, -313, 139, 126, -840, -252, 15164
48508, -345, 130, 132, -812, -228, 15100
48518, -346, 126, 122, -680, -248, 15156
48528, -351, 134, 138, -872, -220, 15260
48538, -340, 107, 145, -756, -228, 15240
48548, -334, 125, 122, -924, -288, 15328
48558, -331, 112, 136, -912, -184, 15136
48568, -334, 102, 139, -812, -180, 15116
48578, -360, 130, 108, -792, -220, 15136
48588, -337, 110, 149, -840, -152, 15276
48598, -350, 128, 136, -856, -216, 15172
48608, -340, 104, 143, -872, -160, 15180
48618, -366, 138, 125, -888, -224, 15128
48628, -346, 127, 133, -884, -220, 15144
48638, -355, 151, 130, -904, -300, 15208
48648, -342, 151, 99, -920, -144, 15148
48658, -339, 131, 109, -808, -144, 15112
48668, -343, 112, 134, -872, -188, 15284
48678, -337, 142, 116, -916, -216, 15292
48688, -359, 132, 121, -852, -280, 15216
48698, -336, 126, 150, -936, -256, 15060
48708, -332, 105, 136, -908, -172, 15112
48718, -341, 136, 136, -892, -192, 15156
48728, -333, 118, 148, -896, -108, 15324
48738, -327, 113, 134, -880, -216, 15280
48748, -336, 112, 114, -868, -124, 15136
48758, -344, 141, 114, -860, -184, 15288
48768, -358, 106, 157, -860, -224, 15184
48778, -331, 123, 119, -864, -200, 15160
48788, -353, 140, 140, -908, -232, 15136
48798, -348, 123, 112, -844, -168, 15268
48808, -336, 104, 165, -880, -68, 15196
48818, -332, 131, 135, -896, -200, 15232
48828, -346, 124, 131, -740, -192, 15160
48838, -350, 141, 143, -848, -204, 15272
48848, -354, 124, 121, -1012, -136, 15256
48858, -339, 117, 112, -864, -264, 15228
48868, -337, 149, 108, -796, -168, 15364
48878, -333, 113, 136, -800, -276, 15128
48888, -341, 129, 134, -860, -152, 15080
48898, -344, 120, 148, -816, -144, 15412
48908, -344, 118, 111, -772, -168, 15172
48918, -347, 128, 142, -860, -236, 15060
48928, -338, 135, 129, -836, -184, 15028
48938, -349, 135, 132, -860, -184, 15168
48948, -352, 134, 127, -880, -184, 15168
48958, -330, 110, 137, -912, -196, 15232
48968, -341, 115, 155, -828, -268, 15088
48978, -346, 108, 133, -876, -168, 15260
48988, -328, 102, 131, -884, -212, 15196
48998, -348, 131, 134, -824, -248, 15156
49008, -334, 118, 131, -868, -160, 15228
49018, -337, 143, 138, -808, -184, 15200
49028, -350, 136, 134, -992, -344, 15108
49038, -355, 127, 132, -868, -144, 15096
49048, -360, 110, 109, -856, -264, 15284
49058, -357, 127, 126, -920, -204, 15256
49068, -340, 151, 119, -880, -72, 15280
49078, -336, 116, 132, -852, -252, 15212
49088, -346, 124, 125, -860, -168, 15284
49098, -347, 117, 121, -776, -268, 15344
49108, -332, 110, 123, -944, -188, 15148
49118, -344, 119, 111, -828, -216, 15256
49128, -357, 135, 141, -816, -296, 15164
49138, -355, 114, 109, -848, -96, 15112
49148, -350, 117, 129, -932, -180, 15204
49158, -349, 107, 132, -908, -256, 15336
49168, -361, 130, 118, -776, -120, 15332
49178, -316, 116, 136, -960, -284, 15196
49188, -339, 122, 133, -808, -172, 15300
49198, -332, 126, 134, -888, -144, 15072
49208, -349, 141, 120, -888, -184, 15152
49218, -346, 127, 101, -856, -80, 14920
49228, -325, 135, 122, -860, -180, 15164
49238, -337, 120, 144, -856, -156, 15116
49248, -363, 148, 119, -900, -244, 15204
49258, -332, 127, 130, -904, -208, 15120
49268, -348, 127, 128, -876, -300, 15316
49278, -363, 124, 138, -904, -152, 15172
49288, -350, 103, 119, -816, -140, 15224
49298, -348, 115, 140, -932, -252, 15164
49308, -340, 131, 118, -916, -156, 15164
49318, -342, 141, 124, -880, -156, 15192
49358, -358, 129, 146, -888, -176, 15200
49368, -331, 110, 147, -848, -252, 15372
49378, -354, 118, 141, -796, -244, 15116
49388, -349, 133, 122, -840, -304, 15252
49398, -353, 136, 111, -784, -172, 15156
49408, -340, 120, 130, -936, -236, 15200
49418, -356, 135, 140, -856, -204, 15192
49428, -356, 148, 130, -732, -196, 15100
49438, -335, 126, 130, -840, -192, 15136
49448, -353, 131, 144, -916, -172, 15216
49458, -337, 113, 127, -804, -220, 15212
49468, -335, 143, 141, -932, -300, 15176
49478, -359, 147, 113, -772, -220, 15172
49488, -331, 94, 138, -868, -196, 15112
49498, -349, 143, 131, -868, -232, 15224
49508, -356, 130, 117, -836, -212, 15304
49518, -332, 129, 112, -804, -200, 15200
49528, -358, 121, 141, -892, -236, 15256
49538, -336, 127, 138, -888, -176, 15216
49548, -342, 128, 139, -856, -224, 15136
49558, -336, 140, 127, -828, -200, 15128
49568, -333, 123, 145, -876, -220, 15276
49578, -337, 132, 139, -980, -232, 15088
49588, -353, 129, 119, -828, -136, 15188
49598, -360, 128, 123, -876, -172, 15060
49608, -330, 130, 136, -896, -160, 15132
49618, -353, 135, 133, -868, -252, 15224
49628, -343, 92, 128, -752, -224, 15272
49638, -324, 128, 143, -920, -292, 15084
49648, -345, 117, 135, -924, -160, 15160
49658, -349, 122, 111, -892, -224, 15328
49668, -365, 128, 117, -852, -180, 15064
49678, -357, 136, 126, -872, -256, 15152
49688, -344, 133, 122, -920, -224, 15040
49698, -333, 118, 145, -784, -268, 15128
49708, -356, 113, 127, -880, -180, 15204
49718, -342, 128, 117, -860, -180, 15120
49728, -356, 134, 107, -920, -132, 15104
49738, -342, 130, 114, -852, -144, 15176
49748, -360, 134, 139, -812, -292, 15240
49758, -368, 121, 138, -836, -264, 15236
49768, -340, 125, 141, -812, -212, 15124
49778, -341, 114, 122, -948, -192, 15260
49788, -346, 122, 145, -892, -200, 15244
49798, -353, 154, 137, -792, -152, 15160
49808, -364, 132, 124, -804, -208, 15192
49818, -354, 129, 141, -876, -148, 15320
49828, -349, 128, 130, -828, -176, 15260
49838, -371, 107, 131, -792, -232, 15120
49848, -356, 125, 142, -932, -324, 15152
49858, -345, 122, 129, -884, -288, 15204
49868, -349, 138, 148, -768, -136, 15248
49878, -323, 116, 114, -820, -220, 15160
49888, -337, 126, 116, -936, -132, 15092
49898, -334, 130, 123, -848, -232, 15164
49908, -333, 115, 134, -884, -164, 15112
49918, -342, 117, 126, -872, -272, 15096
49928, -359, 125, 130, -920, -236, 15108
49938, -346, 135, 128, -828, -168, 15148
49948, -345, 115, 145, -944, -68, 15236
49958, -343, 139, 139, -844, -252, 15168
49968, -332, 131, 111, -804, -16, 15204
49978, -338, 122, 124, -772, -264, 15128
49988, -326, 143, 139, -908, -240, 15088
49998, -340, 132, 130, -792, -284, 15208
50008, -332, 119, 134, -840, -92, 15324
50018, -357, 134, 148, -904, -164, 15208
50028, -342, 104, 119, -884, -236, 15144
50038, -343, 127, 144, -896, -200, 15236
50048, -332, 134, 132, -856, -116, 15192
50058, -350, 144, 131, -944, -220, 15108
50068, -355, 110, 135, -860, -132, 15076
50078, -334, 123, 119, -792, -296, 15212
50088, -354, 121, 130, -772, -256, 15104
50098, -359, 125, 137, -760, -284, 15288
50108, -341, 128, 120, -812, -204, 15172
50118, -325, 145, 137, -864, -252, 15204
50128, -349, 110, 130, -880, -156, 15240
50138, -349, 147, 132, -776, -264, 15188
50148, -350, 89, 125, -896, -260, 15180
50158, -353, 123, 148, -816, -228, 15148
50168, -339, 141, 136, -848, -80, 15092
50178, -348, 111, 133, -904, -172, 15132
50188, -352, 132, 129, -948, -104, 15104
50198, -339, 139, 147, -936, -212, 15100
50208, -369, 119, 114, -832, -220, 15124
50218, -333, 115, 129, -912, -240, 15260
50228, -356, 136, 142, -968, -228, 15204
50238, -340, 118, 138, -868, -212, 15196
50248, -344, 101, 136, -756, -204, 15200
50258, -349, 138, 123, -868, -248, 15200
50268, -332, 127, 109, -896, -280, 15248
50278, -333, 122, 136, -812, -164, 15176
50288, -343, 147, 133, -836, -224, 14992
50298, -326, 129, 118, -780, -192, 15224
50308, -330, 110, 123, -780, -220, 15228
50318, -337, 116, 116, -780, -256, 15244
50328, -330, 136, 121, -820, -152, 15152
50338, -352, 113, 125, -840, -320, 15188
50348, -344, 125, 130, -980, -216, 15136
50358, -356, 118, 123, -844, -192, 15136
50368, -350, 124, 132, -892, -180, 15136
50378, -350, 125, 116, -856, -240, 15084
50388, -359, 116, 102, -888, -156, 15084
50398, -333, 117, 125, -880, -196, 15204
50408, -332, 130, 106, -808, -208, 15108
50418, -348, 128, 144, -872, -228, 15188
50428, -362, 119, 125, -956, -288, 15112
50438, -350, 106, 146, -868, -304, 15276
50448, -355, 141, 146, -904, -120, 15236
50458, -345, 124, 153, -884, -268, 15068
50468, -341, 132, 126, -880, -184, 15148
50478, -337, 129, 132, -772, -164, 15216
50488, -342, 105, 123, -880, -248, 15216
50498, -341, 130, 149, -864, -284, 15232
50508, -339, 117, 129, -944, -232, 15108
50518, -344, 110, 112, -916, -176, 15076
50528, -351, 125, 112, -936, -136, 15260
50538, -353, 143, 135, -912, -212, 15128
50548, -342, 127, 109, -872, -208, 15196
50558, -346, 126, 163, -804, -168, 15168
50568, -340, 130, 126, -768, -268, 15204
50578, -350, 103, 121, -896, -224, 15280
50588, -347, 125, 131, -788, -176, 15276
50598, -357, 117, 132, -764, -160, 15208
50608, -333, 122, 123, -756, -232, 15164
50618, -328, 122, 129, -868, -260, 15140
50628, -336, 139, 120, -948, -148, 15180
50638, -364, 117, 150, -804, -80, 15164
50648, -339, 139, 126, -876, -96, 15136
50658, -338, 124, 144, -856, -192, 15284
50668, -324, 130, 139, -904, -208, 15300
50678, -352, 145, 147, -912, -228, 15196
50688, -323, 141, 129, -1000, -248, 15172
50698, -342, 129, 141, -888, -136, 15176
50708, -342, 103, 142, -856, -152, 15148
50718, -333, 133, 129, -828, -200, 15144
50728, -338, 125, 117, -900, -216, 15232
50738, -348, 120, 115, -844, -228, 15180
50748, -340, 129, 144, -784, -204, 15084
50758, -340, 131, 123, -808, -260, 15208
50768, -357, 108, 127, -956, -180, 15108
50778, -344, 119, 117, -820, -288, 15196
50788, -355, 115, 108, -960, -232, 15228
50798, -329, 112, 115, -932, -216, 15148
50808, -341, 144, 151, -824, -184, 15168
50818, -349, 129, 114, -924, -232, 15348
50828, -328, 135, 118, -856, -168, 15228
50838, -352, 119, 128, -880, -144, 15184
50848, -338, 136, 128, -972, -156, 15124
50858, -330, 126, 113, -892, -200, 15180
50868, -352, 134, 145, -808, -188, 15260
50878, -340, 135, 112, -880, -208, 15144
50888, -343, 139, 136, -864, -284, 15152
50898, -342, 122, 139, -892, -212, 15376
50908, -337, 121, 122, -828, -200, 15248
50918, -345, 141, 122, -948, -148, 15308
50928, -349, 127, 122, -796, -208, 15276
50938, -339, 118, 132, -904, -204, 15380
50948, -336, 124, 125, -904, -192, 15100
50958, -336, 120, 122, -924, -216, 15240
50968, -345, 113, 146, -868, -204, 15076
50978, -348, 117, 126, -912, -276, 15232
50988, -348, 115, 123, -828, -96, 15220
50998, -349, 133, 126, -816, -160, 15240
51008, -363, 121, 140, -888, -216, 15200
51018, -358, 123, 147, -872, -240, 15144
51028, -366, 149, 107, -932, -328, 15236
51038, -341, 117, 115, -896, -224, 15232
51048, -358, 116, 129, -976, -148, 15172
51058, -334, 137, 131, -836, -140, 15172
51068, -335, 150, 121, -952, -236, 15276
51078, -361, 140, 133, -904, -212, 15296
51088, -349, 121, 123, -940, -216, 15160
51098, -345, 116, 122, -784, -264, 15212
51108, -338, 124, 135, -908, -248, 15220
51118, -339, 118, 125, -748, -196, 15236
51128, -344, 124, 106, -900, -296, 15164
51138, -337, 139, 132, -884, -220, 15096
51148, -341, 136, 131, -820, -324, 15188
51158, -351, 117, 122, -812, -164, 15104
51168, -338, 131, 150, -844, -188, 15172
51178, -354, 130, 125, -924, -208, 15136
51188, -358, 112, 129, -856, -264, 15104
51198, -364, 123, 139, -764, -88, 15248
51208, -331, 133, 144, -960, -148, 15180
51218, -336, 142, 130, -860, -164, 15056
51228, -341, 139, 121, -896, -152, 15156
51238, -337, 122, 134, -844, -276, 15136
51248, -328, 137, 119, -868, -304, 15136
51258, -335, 141, 124, -808, -252, 15208
51268, -329, 131, 143, -904, -164, 15120
51278, -330, 116, 127, -788, -144, 15184
51288, -347, 124, 110, -880, -164, 15228
51298, -334, 110, 135, -864, -288, 15248
51308, -342, 120, 117, -876, -132, 15240
51318, -357, 138, 136, -860, -264, 15164
51328, -345, 141, 141, -904, -224, 15124
51338, -349, 142, 128, -852, -168, 15232
51348, -344, 115, 140, -844, -260, 15144
51358, -344, 129, 111, -792, -164, 15188
51368, -340, 128, 140, -888, -232, 15256
51378, -348, 118, 138, -956, -204, 15120
51388, -339, 148, 130, -860, -164, 15200
51398, -361, 117, 128, -896, -216, 15100
51408, -338, 129, 132, -820, -244, 15204
51418, -341, 134, 135, -928, -196, 15064
51428, -348, 109, 131, -852, -156, 15336
51438, -341, 123, 127, -792, -184, 15248
51448, -349, 115, 126, -856, -268, 15148
51458, -354, 127, 115, -828, -280, 15212
51468, -352, 137, 141, -848, -236, 15172
51478, -340, 128, 128, -824, -172, 15132
51488, -357, 115, 142, -836, -208, 15200
51498, -341, 118, 135, -860, -132, 15344
51508, -339, 143, 127, -928, -272, 15180
51518, -342, 131, 111, -848, -248, 15148
51528, -372, 136, 138, -916, -224, 15264
51538, -362, 126, 121, -896, -300, 14984
51548, -353, 120, 137, -924, -268, 15216
51558, -353, 117, 141, -896, -240, 15296
51568, -352, 121, 137, -800, -200, 15120
51578, -342, 155, 138, -852, -264, 15356
51588, -342, 136, 108, -816, -232, 15172
51598, -345, 131, 125, -868, -232, 15236
51608, -341, 107, 133, -796, -176, 15172
51618, -331, 130, 148, -848, -248, 15096
51628, -346, 112, 131, -852, -248, 15108
51638, -345, 147, 133, -840, -220, 15268
51648, -346, 122, 109, -824, -240, 15244
51658, -351, 131, 139, -1000, -148, 15252
51668, -349, 117, 122, -928, -304, 15220
51678, -331, 113, 123, -872, -192, 15228
51688, -349, 141, 133, -872, -216, 15336
51698, -361, 114, 115, -904, -148, 15268
51708, -356, 129, 131, -852, -216, 15112
51718, -345, 124, 140, -912, -128, 15256
51728, -340, 146, 130, -804, -260, 15348
51738, -340, 143, 122, -892, -228, 15252
51748, -357, 133, 117, -880, -276, 15212
51758, -348, 131, 118, -856, -328, 15104
51768, -352, 119, 132, -908, -96, 15220
51778, -343, 132, 134, -908, -164, 15316
51788, -334, 115, 129, -864, -212, 15212
51798, -329, 125, 128, -1004, -248, 15128
51808, -348, 124, 124, -1008, -204, 15308
51818, -332, 127, 121, -908, -184, 15140
51828, -346, 136, 121, -796, -292, 15132
51838, -327, 117, 122, -888, -196, 15188
51848, -341, 133, 136, -844, -292, 15200
51858, -344, 145, 146, -868, -264, 15244
51868, -350, 115, 119, -900, -196, 15060
51878, -346, 125, 131, -960, -300, 15304
51888, -364, 128, 127, -864, -152, 15200
51898, -341, 97, 138, -900, -212, 15176
51908, -329, 137, 102, -884, -248, 15148
51918, -348, 143, 105, -960, -172, 15240
51928, -349, 119, 124, -784, -240, 15180
51938, -331, 119, 128, -840, -152, 15164
51948, -337, 131, 120, -860, -204, 15216
51958, -352, 114, 121, -876, -272, 14952
51968, -344, 127, 124, -824, -140, 15220
51978, -347, 129, 121, -852, -184, 15228
51988, -367, 111, 134, -860, -152, 15336
51998, -337, 125, 136, -860, -208, 15316
52008, -337, 122, 128, -968, -200, 15212
52018, -367, 119, 122, -832, -220, 15060
52028, -358, 127, 126, -860, -240, 15196
52038, -344, 115, 148, -936, -152, 15208
52048, -343, 130, 111, -880, -204, 15192
52058, -346, 137, 122, -816, -264, 15256
52068, -331, 124, 133, -860, -160, 15140
52078, -334, 129, 132, -896, -160, 15156
52088, -345, 128, 146, -856, -232, 15140
52098, -354, 125, 151, -940, -200, 15072
52108, -357, 109, 137, -832, -260, 15148
52118, -335, 144, 132, -796, -164, 15144
52128, -368, 127, 131, -824, -152, 15148
52138, -333, 115, 131, -868, -168, 15252
52148, -342, 135, 132, -952, -116, 15084
52158, -326, 110, 130, -748, -192, 15076
52168, -362, 135, 141, -952, -212, 15076
52178, -340, 100, 106, -828, -180, 15064
52188, -347, 115, 128, -892, -172, 15248
52198, -353, 133, 111, -904, -204, 15144
52208, -311, 124, 131, -872, -212, 15132
52218, -345, 132, 119, -804, -196, 15216
52228, -329, 140, 132, -936, -192, 15284
52238, -329, 133, 117, -884, -172, 15296
52248, -346, 136, 120, -908, -164, 15136
52258, -345, 135, 124, -916, -180, 15120
52268, -353, 129, 125, -864, -108, 15116
52278, -345, 130, 114, -952, -192, 15264
52288, -316, 119, 122, -896, -208, 15236
52298, -342, 137, 133, -924, -164, 15236
52308, -356, 142, 133, -804, -160, 15140
52318, -351, 143, 146, -844, -208, 15108
52328, -346, 121, 135, -844, -196, 15284
52338, -337, 139, 127, -848, -196, 15204
52348, -344, 115, 113, -1008, -232, 15304
52358, -364, 135, 115, -952, -148, 15108
52368, -330, 125, 137, -864, -100, 15180
52378, -363, 133, 120, -980, -220, 15092
52388, -349, 118, 128, -880, -256, 15252
52398, -355, 127, 127, -880, -248, 15152
52408, -344, 146, 135, -908, -176, 15284
52418, -344, 149, 129, -860, -188, 15184
52428, -340, 138, 144, -884, -224, 15216
52438, -359, 139, 136, -860, -192, 15184
52448, -344, 121, 138, -912, -224, 15184
52458, -339, 124, 143, -880, -188, 15036
52468, -361, 131, 121, -816, -288, 15180
52478, -343, 135, 125, -860, -192, 15268
52488, -328, 128, 102, -908, -244, 15268
52498, -325, 119, 122, -796, -180, 14972
52508, -358, 128, 142, -844, -128, 15080
52518, -336, 125, 135, -876, -188, 15088
52528, -348, 132, 130, -852, -196, 15268
52538, -345, 104, 146, -912, -236, 15156
52548, -334, 133, 131, -856, -192, 15120
52558, -334, 133, 125, -836, -160, 15260
52568, -338, 128, 115, -832, -156, 15092
52578, -357, 103, 148, -852, -156, 15128
52588, -343, 138, 133, -904, -200, 15096
52598, -358, 122, 144, -888, -248, 15300
52608, -351, 141, 115, -796, -264, 15204
52618, -335, 114, 134, -872, -192, 15192
52628, -332, 136, 134, -852, -304, 15204
52638, -349, 127, 124, -824, -300, 15216
52648, -366, 107, 117, -796, -116, 15216
52658, -342, 145, 113, -940, -248, 15300
52668, -329, 125, 131, -892, -232, 15108
52678, -333, 120, 128, -852, -136, 15224
52688, -350, 124, 141, -908, -188, 15208
52698, -350, 128, 141, -860, -196, 15068
52708, -355, 112, 130, -892, -296, 15200
52718, -352, 120, 135, -860, -288, 15252
52728, -336, 134, 136, -832, -180, 15208
52738, -339, 120, 115, -880, -272, 15236
52748, -339, 118, 137, -804, -208, 15092
52758, -345, 106, 138, -860, -232, 15276
52768, -350, 108, 116, -816, -164, 15132
52778, -358, 122, 141, -896, -184, 15144
52788, -366, 111, 126, -856, -220, 15116
52798, -346, 110, 118, -864, -196, 15256
52808, -365, 139, 134, -928, -104, 15272
52818, -348, 123, 137, -828, -124, 15328
52828, -331, 136, 131, -716, -244, 15088
52838, -359, 121, 135, -784, -268, 15176
52848, -353, 149, 123, -948, -192, 15156
52858, -322, 133, 132, -888, -236, 15144
52868, -359, 143, 123, -896, -224, 15208
52878, -332, 154, 125, -760, -256, 15160
52888, -340, 110, 143, -776, -192, 15180
52898, -348, 127, 128, -852, -220, 15348
52908, -338, 122, 131, -868, -192, 15144
52918, -341, 111, 128, -848, -176, 15160
52928, -340, 139, 126, -888, -244, 15292
52938, -352, 146, 139, -772, -256, 15264
52948, -359, 130, 141, -888, -228, 15152
52958, -349, 135, 133, -900, -216, 14996
52968, -367, 128, 119, -888, -172, 15128
52978, -333, 125, 111, -780, -132, 14996
52988, -340, 123, 138, -952, -220, 15368
52998, -356, 122, 135, -828, -244, 15172
53008, -350, 135, 122, -912, -180, 15248
53018, -343, 125, 130, -808, -272, 15224
53028, -333, 128, 126, -884, -276, 15228
53038, -342, 137, 131, -928, -284, 15120
53048, -350, 117, 128, -836, -196, 15164
53058, -349, 101, 126, -868, -168, 15180
53068, -344, 110, 133, -904, -164, 15308
53078, -366, 115, 131, -884, -248, 15092
53088, -352, 139, 125, -868, -304, 15172
53098, -368, 124, 123, -836, -212, 15172
53108, -339, 104, 126, -868, -132, 15308
53118, -346, 114, 127, -840, -264, 15292
53128, -335, 107, 108, -844, -280, 15148
53138, -347, 106, 139, -808, -164, 15188
53148, -328, 126, 123, -944, -176, 15332
53158, -357, 120, 124, -780, -176, 15260
53168, -330, 115, 122, -872, -192, 15160
53178, -354, 115, 116, -876, -172, 15116
53188, -348, 114, 120, -788, -148, 15228
53198, -327, 127, 137, -828, -196, 15148
53208, -345, 127, 129, -876, -200, 15184
53218, -345, 112, 133, -888, -268, 15280
53228, -349, 114, 134, -840, -132, 15116
53238, -344, 119, 106, -804, -236, 15188
53248, -349, 117, 130, -924, -144, 15168
53258, -355, 116, 130, -860, -164, 15172
53268, -349, 123, 127, -780, -132, 15180
53278, -321, 133, 115, -900, -212, 15340
53288, -340, 117, 126, -840, -220, 15100
53298, -339, 120, 126, -960, -364, 15268
53308, -345, 113, 115, -820, -232, 15136
53318, -357, 137, 131, -880, -148, 15068
53328, -344, 122, 155, -880, -236, 15024
53338, -352, 134, 140, -804, -228, 15252
53348, -335, 118, 111, -884, -228, 15180
53358, -351, 121, 139, -740, -220, 15188
53368, -338, 125, 137, -852, -208, 15056
53378, -347, 116, 154, -808, -232, 15128
53388, -357, 127, 120, -864, -204, 15240
53398, -355, 110, 127, -876, -192, 15148
53408, -362, 111, 121, -896, -144, 15140
53418, -337, 138, 141, -892, -244, 15048
53428, -352, 121, 116, -896, -252, 15168
53438, -341, 143, 122, -828, -252, 15224
53448, -329, 126, 130, -812, -168, 15132
53458, -339, 123, 121, -828, -144, 15136
53468, -361, 131, 116, -812, -272, 15184
53478, -355, 136, 100, -844, -228, 15188
53488, -339, 131, 156, -884, -272, 15148
53498, -331, 139, 141, -804, -288, 15096
53508, -352, 140, 118, -936, -252, 15244
53518, -341, 132, 130, -924, -172, 15104
53528, -344, 134, 133, -816, -236, 15096
53538, -352, 159, 131, -808, -264, 15064
53548, -349, 133, 141, -876, -188, 15128
53558, -334, 133, 124, -860, -332, 15068
53568, -338, 127, 119, -928, -144, 15244
53578, -348, 141, 129, -824, -240, 15112
53588, -356, 149, 132, -952, -136, 15204
53598, -373, 110, 123, -796, -244, 15076
53608, -337, 153, 131, -760, -168, 15148
53618, -370, 130, 136, -940, -144, 15164
53628, -360, 122, 133, -880, -168, 14988
53638, -330, 118, 134, -832, -252, 15320
53648, -335, 134, 127, -928, -232, 15232
53658, -333, 113, 135, -772, -200, 15280
53668, -331, 134, 131, -964, -252, 15340
53678, -337, 123, 142, -860, -120, 15180
53688, -351, 176, 134, -864, -220, 15316
53698, -366, 162, 150, -792, -192, 15280
53708, -344, 123, 165, -732, -224, 15292
53718, -369, 155, 162, -752, -136, 15176
53728, -363, 130, 186, -860, -296, 15052
53738, -345, 108, 188, -912, -304, 15168
53748, -367, 137, 214, -880, -144, 15388
53758, -377, 117, 185, -800, -196, 15296
53768, -364, 137, 201, -844, -160, 15164
53778, -351, 98, 158, -864, -236, 15232
53788, -368, 193, 223, -752, -200, 15204
53798, -388, 160, 198, -792, -204, 15084
53808, -379, 123, 200, -912, -136, 15244
53818, -350, 145, 179, -780, -192, 15312
53828, -383, 113, 200, -960, -264, 15088
53838, -373, 127, 196, -736, -144, 15192
53848, -362, 87, 154, -868, -252, 15404
53858, -376, 73, 129, -868, -228, 15156
53868, -354, 89, 134, -840, -288, 15224
53878, -347, 99, 139, -852, -160, 15188
53888, -360, -2, 94, -960, -168, 15172
53898, -341, 78, 84, -892, -244, 15060
53908, -356, 53, 93, -936, -208, 15212
53918, -368, 26, 80, -1012, -276, 15232
53928, -390, 79, 35, -956, -308, 15208
53938, -371, 95, 40, -892, -160, 15276
53948, -374, 88, 5, -828, -128, 15136
53958, -391, 54, 4, -868, -172, 15296
53968, -378, 77, 5, -900, -216, 15284
53978, -376, 105, 17, -840, -252, 15168
53988, -343, 96, 42, -788, -196, 15176
53998, -366, 88, 62, -852, -216, 15156
54008, -360, 100, 36, -728, -232, 15180
54018, -374, 85, 71, -832, -220, 15180
54028, -353, 100, 62, -1012, -228, 15244
54038, -356, 144, 83, -724, -236, 15200
54048, -359, 118, 61, -852, -260, 15184
54058, -350, 134, 81, -832, -116, 15160
54068, -369, 93, 88, -848, -264, 15148
54078, -343, 92, 66, -844, -204, 15080
54088, -340, 100, 79, -896, -228, 15148
54098, -314, 112, 71, -828, -212, 15100
54108, -329, 134, 74, -816, -220, 15120
54118, -327, 122, 63, -872, -264, 15296
54128, -319, 117, 95, -844, -168, 15116
54138, -323, 109, 81, -852, -232, 15192
54148, -336, 110, 124, -848, -232, 15224
54158, -347, 126, 117, -828, -184, 15192
54168, -338, 117, 138, -892, -256, 15156
54178, -325, 123, 131, -748, -288, 15208
54188, -341, 120, 129, -856, -272, 15348
54198, -341, 119, 121, -864, -272, 15212
54208, -336, 148, 130, -796, -224, 15324
54218, -316, 151, 114, -912, -200, 15208
54228, -331, 127, 149, -804, -200, 15156
54238, -334, 118, 136, -928, -196, 15116
54248, -333, 116, 129, -956, -192, 15260
54258, -350, 113, 132, -900, -236, 15048
54268, -350, 136, 134, -816, -296, 15144
54278, -350, 110, 110, -824, -176, 15076
54288, -359, 128, 131, -832, -248, 15148
54298, -333, 133, 110, -812, -200, 15172
54308, -337, 117, 125, -796, -164, 15252
54318, -363, 119, 116, -892, -300, 15172
54328, -336, 88, 138, -880, -256, 15252
54338, -353, 109, 174, -852, -216, 14980
54348, -358, 111, 141, -824, -220, 15144
54358, -350, 137, 148, -848, -164, 15232
54368, -349, 127, 140, -912, -260, 15164
54378, -341, 135, 123, -912, -184, 15248
54388, -337, 140, 137, -856, -196, 15248
54398, -357, 138, 147, -812, -176, 15092
54408, -322, 145, 146, -808, -240, 15096
54418, -343, 140, 148, -816, -176, 15344
54428, -331, 142, 105, -904, -172, 15280
54438, -344, 123, 135, -844, -152, 15340
54448, -346, 132, 129, -892, -208, 15300
54458, -321, 132, 135, -856, -260, 15284
54468, -311, 128, 132, -828, -288, 15284
54478, -306, 125, 126, -892, -256, 15176
54488, -336, 115, 110, -864, -240, 15352
54498, -345, 124, 118, -824, -220, 15188
54508, -331, 106, 124, -872, -264, 15316
54518, -332, 109, 124, -904, -232, 15188
54528, -339, 135, 148, -888, -184, 15176
54538, -323, 122, 134, -824, -308, 15284
54548, -339, 117, 119, -808, -216, 15212
54558, -341, 127, 126, -820, -324, 15164
54568, -360, 128, 116, -856, -232, 15108
54578, -338, 129, 106, -868, -196, 15196
54588, -328, 98, 121, -892, -252, 15224
54598, -340, 119, 132, -720, -220, 15180
54608, -357, 138, 131, -756, -244, 15288
54618, -336, 128, 114, -856, -256, 15256
54628, -341, 104, 115, -804, -304, 15120
54638, -346, 163, 130, -792, -180, 15236
54648, -340, 132, 131, -884, -184, 15240
54658, -361, 126, 140, -860, -264, 15284
54668, -359, 142, 128, -772, -164, 15340
54678, -369, 131, 169, -816, -228, 15112
54688, -351, 115, 150, -796, -220, 15144
54698, -365, 124, 147, -880, -296, 15136
54708, -339, 125, 139, -768, -176, 15312
54718, -351, 122, 120, -856, -256, 15044
54728, -336, 140, 129, -924, -196, 15156
54738, -351, 119, 137, -880, -104, 15348
54748, -334, 129, 136, -792, -236, 15112
54758, -339, 125, 118, -892, -212, 15268
54768, -336, 140, 138, -848, -188, 15224
54778, -359, 150, 140, -736, -204, 15196
54788, -338, 110, 121, -772, -204, 15300
54798, -341, 127, 122, -908, -160, 15220
54808, -334, 124, 119, -888, -220, 15288
54818, -345, 145, 115, -840, -112, 15248
54828, -354, 121, 132, -940, -324, 15080
54838, -346, 129, 141, -776, -232, 15088
54848, -335, 115, 139, -844, -128, 15152
54858, -326, 120, 125, -844, -244, 15112
54868, -325, 106, 131, -812, -208, 15120
54878, -349, 141, 119, -812, -172, 15204
54888, -356, 135, 119, -920, -152, 15112
54898, -342, 119, 132, -712, -224, 15016
54908, -359, 124, 136, -924, -184, 15196
54918, -355, 122, 133, -864, -212, 15244
54928, -334, 109, 118, -932, -296, 15164
54938, -322, 132, 141, -804, -208, 15212
54948, -325, 117, 115, -868, -168, 15180
54958, -342, 118, 111, -844, -180, 15224
54968, -342, 123, 138, -780, -252, 15164
54978, -344, 133, 113, -848, -264, 15232
54988, -331, 127, 139, -904, -268, 15204
54998, -329, 139, 136, -880, -244, 15124
55008, -339, 117, 106, -828, -296, 15236
55018, -342, 118, 133, -816, -224, 15144
55028, -357, 119, 131, -896, -244, 15260
55038, -348, 113, 120, -952, -320, 15216
55048, -332, 131, 128, -876, -172, 15172
55058, -342, 135, 126, -824, -240, 15048
55068, -320, 110, 132, -848, -184, 15196
55078, -347, 136, 118, -948, -208, 15124
55088, -345, 128, 104, -836, -268, 15156
55098, -339, 133, 141, -772, -232, 15152
55108, -345, 125, 111, -740, -148, 15216
55118, -338, 136, 129, -816, -240, 15000
55128, -343, 125, 126, -904, -212, 15180
55138, -340, 146, 117, -880, -148, 15164
55148, -344, 115, 117, -868, -124, 15056
55158, -342, 128, 127, -880, -160, 15304
55168, -363, 110, 125, -896, -216, 15040
55178, -352, 150, 120, -760, -228, 15188
55188, -353, 134, 126, -868, -212, 15192
55198, -346, 156, 111, -816, -204, 15196
55208, -345, 118, 128, -812, -220, 14996
55218, -312, 149, 117, -780, -216, 15220
55228, -337, 139, 138, -876, -264, 15184
55238, -356, 125, 142, -824, -232, 15164
55248, -361, 127, 133, -804, -268, 15128
55258, -353, 122, 125, -784, -268, 15184
55268, -339, 134, 123, -920, -192, 15168
55278, -340, 134, 145, -832, -212, 15232
55288, -335, 129, 127, -848, -268, 15164
55298, -357, 138, 126, -872, -172, 15272
55308, -365, 140, 126, -912, -192, 15160
55318, -357, 130, 112, -772, -164, 15192
55328, -332, 138, 118, -820, -160, 14996
55338, -346, 120, 128, -916, -204, 15200
55348, -344, 120, 130, -808, -180, 15216
55358, -348, 126, 138, -932, -184, 15156
55368, -321, 137, 123, -824, -184, 15280
55378, -343, 117, 121, -772, -204, 15040
55388, -331, 128, 128, -848, -204, 15228
55398, -362, 126, 122, -756, -304, 15200
55408, -327, 139, 133, -764, -172, 15176
55418, -329, 137, 139, -860, -228, 15200
55428, -355, 117, 124, -820, -168, 15324
55438, -341, 134, 132, -872, -176, 15024
55448, -333, 128, 128, -828, -212, 15220
55458, -343, 87, 125, -828, -148, 15200
55468, -350, 133, 129, -864, -200, 15256
55478, -344, 111, 133, -836, -300, 15140
55488, -354, 134, 140, -892, -160, 15244
55498, -340, 125, 124, -892, -216, 15076
55508, -356, 123, 127, -812, -192, 15224
55518, -347, 118, 113, -864, -196, 15104
55528, -333, 122, 131, -864, -248, 15132
55538, -355, 135, 124, -884, -264, 15232
55548, -330, 133, 119, -900, -304, 15176
55558, -345, 138, 125, -828, -252, 15164
55568, -329, 110, 143, -860, -132, 15204
55578, -329, 138, 101, -784, -268, 15108
55588, -338, 121, 118, -796, -252, 15148
55598, -327, 118, 142, -888, -276, 15264
55608, -348, 128, 112, -760, -168, 15068
55618, -353, 140, 134, -872, -272, 15308
55628, -345, 149, 157, -848, -140, 15208
55638, -353, 132, 123, -880, -332, 15176
55648, -361, 140, 140, -760, -184, 15316
55658, -337, 111, 134, -796, -216, 15248
55668, -362, 130, 121, -908, -184, 15112
55678, -328, 144, 120, -828, -236, 15212
55688, -326, 131, 136, -784, -200, 15140
55698, -332, 130, 112, -880, -268, 15248
55708, -345, 116, 141, -768, -232, 15220
55718, -337, 134, 114, -888, -224, 15244
55728, -353, 134, 117, -864, -164, 15304
55738, -340, 123, 145, -808, -300, 15164
55748, -359, 135, 134, -832, -248, 15236
55758, -349, 140, 128, -880, -144, 15256
55768, -347, 148, 135, -840, -128, 15256
55778, -360, 124, 120, -876, -148, 15312
55788, -357, 122, 139, -780, -276, 15180
55798, -331, 137, 134, -948, -172, 15040
55808, -346, 124, 132, -832, -220, 15180
55818, -348, 119, 143, -804, -212, 15248
55828, -349, 123, 113, -920, -164, 15328
55838, -349, 142, 140, -808, -216, 15240
55848, -316, 122, 133, -796, -168, 15296
55858, -349, 152, 135, -760, -160, 15120
55868, -350, 125, 133, -888, -268, 15356
55878, -343, 126, 132, -860, -200, 15280
55888, -352, 126, 105, -900, -184, 15272
55898, -370, 119, 118, -708, -196, 15036
55908, -330, 145, 128, -832, -276, 15160
55918, -341, 113, 121, -828, -204, 15152
55928, -341, 128, 124, -832, -204, 15228
55938, -330, 124, 139, -796, -184, 15060
55948, -344, 116, 139, -908, -176, 15132
55958, -335, 131, 134, -864, -192, 14972
55968, -350, 117, 131, -816, -120, 15196
55978, -343, 109, 118, -808, -248, 15124
55988, -353, 127, 124, -884, -176, 15156
55998, -351, 126, 137, -796, -156, 15256
56008, -346, 124, 120, -852, -184, 15148
56018, -348, 127, 122, -824, -276, 15128
56028, -332, 104, 134, -824, -216, 15216
56038, -330, 126, 133, -924, -256, 15208
56048, -340, 108, 132, -912, -244, 15136
56058, -332, 117, 150, -836, -264, 15184
56068, -354, 108, 137, -844, -164, 15128
56078, -345, 135, 144, -892, -196, 15068
56088, -344, 133, 128, -824, -224, 15076
56098, -332, 135, 129, -764, -232, 15172
56108, -333, 120, 112, -796, -248, 15176
56118, -340, 129, 131, -900, -260, 15184
56128, -347, 126, 128, -752, -204, 15076
56138, -344, 122, 142, -892, -220, 15144
56148, -343, 126, 122, -936, -212, 15116
56158, -342, 131, 134, -848, -164, 15188
56168, -341, 120, 120, -832, -216, 15308
56178, -331, 123, 119, -888, -304, 15204
56188, -334, 143, 115, -848, -264, 15060
56198, -345, 123, 141, -880, -228, 15088
56208, -350, 139, 123, -772, -148, 15200
56218, -343, 107, 153, -864, -244, 15208
56228, -338, 114, 146, -784, -236, 15196
56238, -342, 138, 131, -908, -116, 15276
56248, -317, 115, 161, -796, -204, 15172
56258, -349, 144, 120, -868, -252, 15096
56268, -360, 117, 127, -776, -196, 15120
56278, -329, 103, 123, -888, -248, 15216
56288, -346, 131, 139, -844, -260, 15080
56298, -359, 127, 141, -832, -156, 15168
56308, -360, 128, 140, -920, -228, 15164
56318, -346, 136, 130, -724, -204, 15092
56328, -327, 115, 134, -836, -136, 15184
56338, -346, 118, 135, -788, -120, 15160
56348, -363, 129, 142, -900, -264, 15180
56358, -347, 123, 116, -808, -320, 15320
56368, -344, 119, 136, -924, -204, 15196
56378, -338, 98, 126, -816, -272, 15060
56388, -360, 114, 120, -864, -96, 15120
56398, -328, 130, 134, -820, -156, 15120
56408, -351, 113, 129, -864, -240, 15180
56418, -363, 137, 120, -804, -188, 15148
56428, -352, 134, 126, -880, -148, 15164
56438, -350, 144, 140, -788, -256, 15200
56448, -346, 115, 125, -936, -288, 15008
56458, -331, 112, 128, -784, -248, 15164
56468, -347, 141, 136, -804, -236, 15016
56478, -362, 109, 126, -920, -284, 15184
56488, -366, 129, 150, -848, -96, 15160
56498, -332, 128, 129, -896, -216, 15240
56508, -353, 127, 125, -860, -308, 14928
56518, -339, 126, 140, -668, -280, 15072
56528, -347, 122, 124, -904, -160, 15088
56538, -354, 109, 128, -852, -172, 15104
56548, -337, 127, 143, -840, -200, 15268
56558, -363, 115, 136, -860, -212, 15060
56568, -350, 132, 104, -828, -200, 15120
56578, -330, 124, 137, -924, -236, 14988
56588, -348, 129, 136, -868, -276, 15216
56598, -345, 106, 141, -900, -192, 15188
56608, -339, 121, 121, -836, -264, 15136
56618, -344, 126, 119, -776, -272, 15084
56628, -340, 103, 129, -824, -188, 15172
56638, -340, 122, 156, -848, -264, 15308
56648, -349, 114, 134, -784, -184, 15180
56658, -350, 110, 119, -728, -248, 15104
56668, -341, 123, 124, -872, -192, 15252
56678, -320, 115, 139, -840, -272, 15180
56688, -341, 122, 133, -916, -148, 15216
56698, -341, 133, 133, -828, -224, 15116
56708, -351, 115, 116, -840, -332, 15240
56718, -345, 104, 139, -784, -268, 15216
56728, -344, 113, 138, -836, -252, 15244
56738, -340, 119, 132, -880, -152, 15196
56748, -348, 132, 119, -868, -152, 15172
56758, -341, 136, 129, -828, -268, 15132
56768, -357, 142, 119, -924, -292, 15252
56778, -353, 128, 122, -904, -204, 15224
56788, -323, 122, 122, -880, -176, 15228
56798, -360, 109, 116, -896, -156, 15248
56808, -322, 111, 141, -796, -200, 15076
56818, -354, 122, 134, -824, -192, 14940
56828, -318, 125, 133, -816, -148, 15152
56838, -342, 108, 119, -776, -168, 15216
56848, -333, 128, 122, -836, -172, 15204
56858, -344, 110, 115, -876, -204, 15080
56868, -355, 137, 124, -852, -200, 15164
56878, -361, 116, 143, -864, -128, 15352
56888, -326, 127, 127, -780, -192, 15256
56898, -332, 130, 128, -816, -244, 15148
56908, -351, 143, 115, -788, -264, 15200
56918, -355, 123, 127, -780, -260, 15108
56928, -351, 125, 139, -836, -232, 15172
56938, -335, 143, 117, -756, -128, 15136
56948, -342, 107, 123, -776, -268, 15288
56958, -352, 132, 128, -816, -152, 15172
56968, -334, 123, 136, -800, -224, 15232
56978, -331, 128, 127, -832, -240, 15192
56988, -339, 146, 130, -836, -204, 15108
56998, -359, 110, 134, -764, -196, 15240
57008, -345, 133, 121, -796, -328, 15224
57018, -355, 119, 129, -880, -228, 15152
57028, -339, 101, 144, -940, -148, 15028
57038, -318, 139, 131, -904, -248, 15092
57048, -347, 134, 127, -868, -240, 15112
57058, -344, 133, 113, -872, -236, 15180
57068, -350, 139, 139, -848, -216, 15136
57078, -369, 119, 111, -904, -204, 15288
57088, -333, 131, 135, -896, -180, 15104
57098, -340, 136, 119, -852, -128, 15160
57108, -347, 169, 125, -800, -164, 15172
57118, -360, 161, 139, -840, -160, 15248
57128, -345, 125, 140, -860, -236, 15116
57138, -335, 125, 124, -948, -148, 15044
57148, -360, 135, 154, -868, -184, 15092
57158, -358, 118, 127, -924, -248, 15192
57168, -334, 115, 129, -864, -264, 15016
57178, -343, 112, 132, -848, -328, 15164
57188, -365, 112, 118, -768, -244, 15120
57198, -331, 111, 130, -872, -152, 15252
57208, -345, 103, 126, -796, -236, 15068
57218, -353, 125, 127, -820, -156, 15224
57228, -350, 126, 118, -816, -196, 15276
57238, -359, 119, 129, -908, -164, 15212
57248, -341, 146, 127, -860, -204, 15020
57258, -351, 143, 154, -848, -164, 15152
57268, -363, 131, 117, -920, -108, 15164
57278, -331, 111, 123, -764, -224, 15160
57288, -323, 113, 128, -804, -228, 15116
57298, -353, 129, 120, -776, -176, 15156
57308, -329, 131, 129, -812, -120, 15088
57318, -352, 141, 127, -784, -224, 15316
57328, -340, 119, 128, -920, -264, 15064
57338, -344, 127, 141, -896, -228, 15236
57348, -349, 122, 137, -888, -236, 15260
57358, -335, 109, 125, -768, -192, 15068
57368, -363, 121, 116, -892, -204, 15140
57378, -332, 105, 134, -856, -232, 15236
57388, -344, 129, 126, -816, -228, 15172
57398, -357, 126, 116, -868, -260, 15188
57408, -353, 118, 137, -780, -184, 15108
57418, -334, 118, 130, -848, -156, 15188
57428, -342, 128, 140, -864, -208, 15332
57438, -345, 115, 154, -828, -180, 15260
57448, -339, 136, 123, -828, -216, 15340
57458, -370, 105, 134, -820, -196, 15200
57468, -357, 151, 128, -804, -264, 15188
57478, -346, 131, 150, -904, -316, 15068
57488, -341, 126, 122, -848, -180, 15096
57498, -341, 134, 113, -816, -228, 15232
57508, -352, 123, 121, -872, -124, 15200
57518, -349, 96, 120, -772, -184, 15204
57528, -360, 111, 130, -816, -200, 15220
57538, -342, 142, 108, -892, -256, 15052
57548, -329, 117, 115, -792, -124, 15160
57558, -328, 126, 137, -856, -160, 15156
57568, -346, 134, 133, -800, -208, 15204
57578, -365, 137, 148, -1008, -220, 15128
57588, -356, 108, 117, -900, -228, 15100
57598, -341, 113, 132, -808, -240, 15136
57608, -351, 142, 137, -812, -192, 15208
57618, -352, 141, 134, -888, -232, 15252
57628, -349, 103, 126, -956, -272, 15032
57638, -339, 140, 121, -868, -256, 15196
57648, -344, 102, 132, -784, -180, 15148
57658, -346, 145, 131, -928, -236, 15064
57668, -344, 130, 133, -836, -172, 15192
57678, -334, 147, 145, -816, -232, 15072
57688, -338, 152, 124, -864, -212, 15196
57698, -338, 125, 125, -760, -212, 15272
57708, -326, 148, 132, -868, -208, 15096
57718, -339, 102, 149, -848, -260, 15104
57728, -356, 123, 133, -944, -308, 15256
57738, -354, 130, 125, -824, -192, 15172
57748, -354, 96, 134, -784, -208, 15148
57758, -356, 131, 137, -796, -228, 15200
57768, -325, 128, 142, -808, -192, 15260
57778, -354, 124, 134, -792, -284, 15076
57788, -344, 141, 120, -848, -328, 15260
57798, -343, 109, 119, -844, -216, 15216
57808, -344, 122, 127, -868, -204, 15120
57818, -361, 126, 140, -828, -280, 15184
57828, -332, 103, 113, -804, -260, 15092
57838, -364, 117, 144, -904, -252, 15172
57848, -337, 136, 119, -836, -252, 15224
57858, -351, 108, 123, -840, -212, 15128
57868, -347, 124, 130, -912, -204, 15224
57878, -343, 121, 109, -788, -216, 15112
57888, -343, 150, 119, -876, -208, 15244
57898, -355, 127, 146, -804, -148, 15044
57908, -365, 132, 129, -812, -148, 15184
57918, -341, 126, 122, -876, -228, 15196
57928, -327, 105, 123, -932, -200, 15116
57938, -339, 145, 128, -848, -188, 15180
57948, -343, 137, 116, -876, -180, 15224
57958, -339, 128, 131, -832, -128, 15212
57968, -338, 141, 129, -876, -248, 15192
57978, -353, 120, 136, -884, -204, 15072
57988, -344, 118, 122, -836, -236, 15220
57998, -339, 115, 145, -916, -292, 15320
58008, -348, 133, 114, -872, -224, 15228
58018, -337, 105, 153, -896, -152, 15156
58028, -347, 117, 146, -920, -208, 15208
58038, -355, 107, 137, -856, -200, 15236
58048, -347, 124, 134, -816, -184, 15264
58058, -338, 139, 142, -884, -180, 15188
58068, -359, 148, 130, -760, -272, 15144
58078, -355, 118, 124, -876, -208, 15292
58088, -338, 97, 144, -824, -232, 15204
58098, -350, 140, 128, -896, -300, 15180
58108, -355, 112, 123, -804, -344, 15156
58118, -356, 117, 131, -844, -252, 15128
58128, -348, 128, 144, -908, -216, 15248
58138, -354, 132, 116, -768, -288, 15180
58148, -352, 125, 129, -908, -236, 15228
58158, -332, 120, 125, -848, -232, 15196
58168, -331, 116, 120, -868, -188, 15112
58178, -358, 136, 115, -912, -108, 15140
58188, -358, 130, 128, -820, -272, 15280
58198, -357, 125, 119, -836, -176, 15040
58208, -345, 124, 123, -760, -216, 15220
58218, -340, 119, 125, -812, -232, 15184
58228, -347, 128, 141, -796, -192, 15224
58238, -332, 122, 137, -836, -252, 15240
58248, -357, 113, 122, -776, -216, 15336
58258, -355, 164, 131, -816, -268, 15116
58268, -342, 132, 137, -852, -160, 15272
58278, -341, 116, 124, -844, -228, 15088
58288, -352, 139, 129, -808, -208, 15216
58298, -337, 139, 141, -872, -220, 15136
58308, -360, 124, 121, -888, -236, 15264
58318, -354, 132, 127, -884, -196, 15192
58328, -343, 137, 135, -928, -236, 15232
58338, -355, 128, 146, -812, -152, 15164
58348, -349, 103, 130, -808, -136, 15136
58358, -343, 126, 137, -788, -216, 15112
58368, -347, 116, 130, -740, -300, 15280
58378, -334, 92, 124, -968, -220, 15296
58388, -338, 116, 121, -956, -228, 15112
58398, -328, 141, 131, -772, -236, 15252
58408, -355, 106, 125, -864, -240, 15240
58418, -353, 114, 147, -824, -200, 15260
58428, -354, 124, 120, -856, -320, 15172
58438, -330, 125, 102, -796, -260, 15240
58448, -339, 141, 120, -876, -204, 15280
58458, -359, 114, 144, -948, -196, 15120
58468, -361, 118, 139, -880, -156, 15128
58478, -354, 124, 129, -892, -248, 15288
58488, -362, 123, 130, -832, -216, 15184
58498, -367, 142, 138, -848, -300, 15124
58508, -341, 132, 137, -928, -156, 15132
58518, -347, 113, 142, -800, -284, 15264
58528, -332, 133, 131, -864, -216, 15164
58538, -341, 128, 123, -800, -128, 15116
58548, -336, 117, 142, -808, -228, 15224
58558, -339, 129, 99, -848, -224, 15248
58568, -349, 125, 121, -916, -260, 15104
58578, -351, 111, 114, -892, -236, 15208
58588, -339, 150, 121, -812, -252, 15148
58598, -337, 146, 132, -804, -172, 15220
58608, -347, 131, 127, -748, -248, 15272
58618, -362, 139, 126, -720, -188, 15176
58628, -335, 126, 119, -924, -160, 15064
58638, -355, 106, 126, -808, -136, 15148
58648, -343, 130, 129, -904, -196, 15088
58658, -342, 122, 139, -800, -184, 15208
58668, -334, 125, 123, -880, -268, 15136
58678, -344, 127, 132, -880, -292, 15164
58688, -354, 114, 104, -724, -176, 15336
58698, -349, 114, 120, -832, -140, 15264
58708, -369, 132, 127, -864, -156, 15232
58718, -357, 101, 120, -868, -212, 15220
58728, -341, 116, 123, -860, -132, 15172
58738, -345, 117, 137, -752, -192, 15236
58748, -346, 115, 133, -788, -216, 15172
58758, -347, 120, 103, -884, -124, 15180
58768, -340, 136, 159, -864, -176, 15096
58778, -363, 122, 126, -848, -216, 15312
58788, -353, 132, 138, -840, -216, 15180
58798, -342, 124, 133, -940, -184, 15272
58808, -326, 138, 141, -880, -156, 15244
58818, -333, 118, 131, -880, -156, 15256
58828, -329, 118, 120, -812, -128, 15188
58838, -360, 115, 120, -816, -152, 15204
58848, -361, 125, 125, -904, -196, 15280
58858, -335, 117, 132, -816, -160, 15028
58868, -336, 126, 133, -816, -264, 15236
58878, -344, 146, 115, -860, -308, 15228
58888, -352, 140, 111, -936, -216, 15124
58898, -337, 130, 132, -816, -144, 15180
58908, -343, 131, 117, -828, -144, 15220
58918, -340, 144, 138, -916, -156, 15060
58928, -356, 152, 144, -808, -244, 15116
58938, -349, 122, 133, -796, -156, 15108
58948, -329, 114, 141, -848, -156, 15156
58958, -353, 124, 119, -796, -260, 15200
58968, -355, 120, 124, -912, -144, 15252
58978, -333, 154, 132, -908, -224, 15320
58988, -360, 128, 128, -764, -184, 15132
58998, -339, 127, 147, -804, -272, 15136
59008, -344, 92, 115, -852, -288, 15136
59018, -340, 158, 116, -796, -256, 15304
59028, -336, 127, 103, -844, -236, 15260
59038, -360, 150, 124, -832, -236, 15080
59048, -348, 129, 150, -872, -180, 15296
59058, -347, 138, 115, -844, -260, 15208
59068, -338, 132, 133, -864, -216, 15144
59078, -337, 103, 136, -848, -220, 15304
59088, -347, 122, 129, -872, -212, 15168
59098, -343, 122, 103, -868, -252, 15196
59108, -319, 112, 119, -932, -200, 15044
59118, -348, 138, 138, -812, -76, 15348
59128, -350, 130, 118, -820, -228, 15196
59138, -349, 137, 131, -808, -332, 15080
59148, -360, 135, 136, -832, -236, 15156
59158, -333, 138, 138, -812, -248, 15156
59168, -354, 98, 132, -808, -216, 15072
59178, -357, 143, 126, -772, -156, 15268
59188, -346, 140, 148, -848, -216, 15200
59198, -328, 152, 130, -836, -216, 15132
59208, -340, 128, 109, -892, -180, 15336
59218, -352, 128, 142, -836, -244, 15084
59228, -341, 118, 142, -916, -64, 15092
59238, -353, 129, 136, -792, -244, 15140
59248, -336, 120, 122, -940, -172, 15248
59258, -337, 135, 132, -712, -244, 15260
59268, -346, 131, 118, -772, -236, 15232
59278, -332, 126, 119, -836, -216, 15112
59288, -356, 161, 126, -824, -228, 15296
59298, -352, 120, 115, -792, -212, 15184
59308, -352, 106, 128, -888, -208, 15016
59318, -353, 138, 119, -804, -248, 15160
59328, -347, 138, 140, -772, -220, 15188
59338, -318, 113, 119, -828, -256, 15204
59348, -356, 141, 107, -904, -308, 15308
59358, -354, 105, 115, -848, -220, 15272
59368, -339, 135, 118, -828, -204, 15272
59378, -368, 130, 131, -908, -212, 15216
59388, -354, 125, 143, -820, -184, 15092
59398, -355, 108, 103, -740, -216, 15232
59408, -349, 135, 119, -812, -232, 15280
59418, -358, 129, 124, -836, -340, 15264
59428, -343, 131, 124, -800, -360, 15236
59438, -354, 115, 111, -892, -172, 15224
59448, -344, 133, 116, -796, -212, 15268
59458, -335, 121, 132, -796, -224, 15276
59468, -338, 117, 124, -712, -216, 15180
59478, -353, 118, 135, -876, -208, 15160
59488, -335, 116, 124, -808, -248, 15040
59498, -334, 85, 129, -844, -132, 15136
59508, -348, 128, 106, -816, -288, 15060
59518, -359, 113, 121, -880, -172, 15212
59528, -366, 129, 154, -828, -144, 15216
59538, -345, 131, 129, -756, -188, 15276
59548, -358, 129, 124, -840, -116, 15212
59558, -349, 117, 133, -864, -236, 15272
59568, -366, 114, 130, -860, -152, 15272
59578, -325, 125, 126, -896, -208, 15320
59588, -353, 124, 143, -852, -220, 15280
59598, -348, 144, 128, -876, -224, 15140
59608, -354, 116, 121, -868, -236, 15116
59618, -344, 127, 140, -812, -232, 15156
59628, -333, 132, 134, -860, -184, 15188
59638, -351, 141, 126, -876, -224, 15244
59648, -333, 126, 129, -888, -168, 15124
59658, -349, 131, 137, -748, -308, 15064
59668, -352, 119, 123, -768, -184, 15120
59678, -341, 129, 121, -900, -180, 15124
59688, -338, 116, 155, -892, -252, 15056
59698, -355, 102, 138, -888, -176, 15244
59708, -348, 101, 135, -800, -120, 15148
59718, -353, 138, 120, -812, -156, 15268
59728, -341, 118, 128, -940, -240, 15176
59738, -354, 128, 120, -996, -172, 15104
59748, -323, 128, 142, -956, -232, 15176
59758, -346, 132, 149, -892, -184, 15164
59768, -343, 137, 118, -844, -136, 15004
59778, -343, 125, 138, -928, -160, 15224
59788, -364, 126, 154, -860, -340, 15136
59798, -349, 120, 128, -848, -164, 15160
59808, -349, 119, 123, -828, -264, 15264
59818, -325, 98, 145, -788, -224, 15080
59828, -348, 143, 143, -820, -224, 15144
59838, -345, 131, 130, -804, -212, 15092
59848, -333, 112, 115, -784, -176, 15152
59858, -335, 134, 144, -748, -248, 15224
59868, -346, 95, 141, -848, -240, 15316
59878, -349, 140, 142, -968, -160, 15248
59888, -344, 141, 128, -816, -208, 15208
59898, -349, 152, 117, -784, -296, 15320
59908, -339, 128, 129, -844, -204, 15172
59918, -342, 119, 126, -980, -152, 15248
59928, -343, 116, 130, -808, -244, 15216
59938, -363, 125, 109, -848, -208, 15024
59948, -334, 130, 111, -896, -208, 15168
59958, -360, 109, 143, -844, -200, 15156
59968, -334, 129, 146, -964, -204, 15100
59978, -354, 135, 152, -812, -208, 15336
59988, -339, 140, 118, -876, -244, 15116
59998, -346, 126, 135, -796, -332, 15188
60008, -350, 128, 124, -880, -160, 15296
60018, -335, 127, 125, -912, -132, 15248
60028, -332, 139, 120, -804, -156, 15104
60038, -337, 114, 140, -844, -88, 15268
60048, -338, 120, 128, -908, -116, 15072
60058, -346, 121, 162, -856, -128, 15200
60068, -379, 133, 131, -836, -212, 14996
60078, -334, 128, 142, -760, -196, 15108
60088, -345, 145, 154, -900, -180, 15236
60098, -342, 145, 130, -756, -296, 15236
60108, -338, 101, 117, -844, -156, 15076
60118, -338, 119, 131, -944, -204, 15064
60128, -356, 119, 111, -948, -272, 15072
60138, -346, 126, 134, -832, -220, 15096
60148, -351, 129, 131, -832, -196, 15272
60158, -346, 136, 124, -840, -136, 15184
60168, -337, 135, 149, -912, -192, 15416
60178, -326, 126, 111, -836, -132, 15192
60188, -322, 112, 150, -868, -132, 15140
60198, -341, 123, 119, -852, -252, 15084
60208, -355, 114, 133, -740, -132, 15208
60218, -353, 128, 147, -944, -192, 15152
60228, -348, 140, 138, -920, -228, 15128
60238, -356, 118, 134, -804, -244, 15144
60248, -337, 124, 126, -872, -272, 15108
60258, -361, 108, 134, -696, -208, 15112
60268, -329, 127, 141, -908, -168, 15096
60278, -345, 129, 129, -852, -224, 15240
60288, -342, 124, 124, -832, -236, 15124
60298, -357, 123, 118, -904, -224, 15176
60308, -354, 134, 116, -884, -208, 15264
60318, -343, 149, 123, -892, -204, 15344
60328, -366, 121, 134, -852, -212, 15160
60338, -333, 127, 122, -820, -220, 15172
60348, -347, 125, 127, -756, -248, 15180
60358, -345, 135, 130, -828, -304, 15136
60368, -340, 116, 116, -828, -180, 15352
60378, -344, 123, 125, -980, -212, 15088
60388, -350, 128, 132, -836, -188, 15108
60398, -354, 136, 137, -828, -240, 15048
60408, -350, 138, 145, -832, -248, 15160
60418, -340, 133, 138, -848, -248, 15068
60428, -326, 121, 124, -888, -192, 15240
60438, -337, 133, 130, -820, -164, 15232
60448, -338, 136, 134, -860, -268, 15248
60458, -342, 123, 126, -796, -192, 15136
60468, -350, 115, 142, -820, -152, 15224
60478, -342, 139, 138, -804, -152, 15180
60488, -349, 114, 153, -888, -124, 15096
60498, -354, 128, 140, -836, -220, 15168
60508, -343, 97, 129, -776, -196, 15284
60518, -344, 106, 120, -780, -76, 15148
60528, -350, 136, 125, -816, -244, 15232
60538, -342, 121, 137, -840, -196, 15160
60548, -362, 141, 139, -852, -268, 15084
60558, -350, 107, 118, -756, -304, 15148
60568, -370, 144, 135, -900, -144, 15164
60578, -363, 146, 123, -876, -184, 15156
60588, -339, 129, 140, -848, -256, 15100
60598, -374, 149, 153, -936, -140, 15244
60608, -360, 139, 132, -812, -252, 15124
60618, -342, 119, 108, -924, -128, 15056
60628, -336, 121, 137, -784, -232, 15068
60638, -339, 126, 107, -820, -208, 15316
60648, -345, 142, 129, -868, -200, 15136
60658, -362, 121, 132, -696, -176, 15208
60668, -340, 137, 122, -900, -200, 15196
60678, -346, 102, 116, -756, -244, 15180
60688, -358, 146, 136, -808, -168, 15144
60698, -353, 137, 122, -856, -232, 15272
60708, -340, 137, 133, -800, -272, 15284
60718, -340, 123, 109, -876, -276, 15228
60728, -358, 128, 137, -796, -260, 15020
60738, -350, 132, 137, -848, -228, 15272
60748, -329, 143, 130, -784, -252, 15196
60758, -366, 124, 129, -868, -312, 15152
60768, -351, 143, 147, -884, -268, 15188
60778, -358, 125, 113, -868, -152, 15176
60788, -328, 128, 131, -884, -192, 15176
60798, -353, 130, 136, -916, -284, 15156
60808, -370, 132, 137, -808, -104, 15184
60818, -339, 107, 137, -868, -216, 15244
60828, -350, 116, 133, -760, -168, 15136
60838, -359, 90, 123, -936, -224, 15136
60848, -334, 95, 128, -868, -352, 15248
60858, -345, 100, 121, -912, -204, 15312
60868, -357, 90, 110, -732, -244, 15156
60878, -353, 51, 123, -872, -196, 15220
60888, -349, 65, 100, -920, -168, 15168
60898, -338, 106, 100, -860, -164, 15052
60908, -351, 110, 93, -816, -284, 15256
60918, -331, 101, 92, -784, -268, 15236
60928, -338, 79, 83, -844, -224, 15116
60938, -358, 95, 86, -844, -132, 15192
60948, -332, 123, 52, -1000, -192, 15276
60958, -329, 131, 48, -828, -168, 15148
60968, -350, 160, 91, -784, -168, 15236
60978, -342, 146, 89, -784, -212, 15328
60988, -331, 134, 118, -652, -188, 15304
60998, -347, 146, 121, -804, -192, 15228
61008, -376, 127, 114, -892, -160, 15128
61018, -335, 128, 133, -836, -280, 15076
61028, -338, 103, 117, -888, -312, 15176
61038, -352, 77, 112, -904, -216, 15180
61048, -365, 93, 85, -864, -324, 15220
61058, -402, 53, 112, -828, -260, 15344
61068, -505, 14, 132, -916, -396, 15468
61078, -617, -99, 116, -968, -560, 15552
61088, -931, 47, -182, -1288, -936, 15864
61098, -1295, 74, -264, -924, -384, 15868
61108, -1734, -46, -234, -724, 256, 15988
61118, -2189, -292, 15, -160, 448, 15976
61128, -2908, -590, 706, -120, 680, 16072
61138, -3584, -133, 836, -468, -128, 16920
61148, -4804, 569, 980, -276, -4, 17764
61158, -6108, 1039, 1080, -632, 124, 17768
61168, -7142, 1481, 951, -1044, -440, 17052
61178, -7728, 1947, 807, -1120, -732, 16352
61188, -7687, 2038, 514, -1620, -1160, 14752
61198, -6966, 1959, 355, -1188, -1560, 13404
61208, -6118, 1693, 432, -764, -1352, 13692
61218, -5633, 712, 533, -1208, -1332, 14344
61228, -5378, -282, 567, -1192, -1280, 14660
61238, -5239, -1503, 711, -860, -1244, 14696
61248, -5164, -2240, 952, -456, -1408, 14988
61258, -4991, -2039, 1190, -300, -1660, 15144
61268, -5051, -1699, 1182, -832, -1916, 15608
61278, -5254, -1856, 1058, -1424, -2324, 15800
61288, -5515, -1933, 679, -1696, -2324, 15452
61298, -5758, -1451, 310, -1428, -2808, 15428
61308, -6242, -755, -78, -1284, -2800, 15884
61318, -6627, -1138, -313, -1092, -3036, 15816
61328, -6872, -2143, -363, -1100, -2968, 15440
61338, -6878, -2834, -428, -1140, -2904, 15384
61348, -6866, -3285, -422, -740, -2764, 14876
61358, -6630, -3301, -228, -644, -2856, 14740
61368, -6178, -3605, 12, -404, -2908, 14696
61378, -5617, -4519, 145, -236, -3052, 14620
61388, -5333, -5902, 159, -140, -3324, 14956
61398, -5303, -5887, -75, 0, -3508, 14872
61408, -4870, -5500, -191, 184, -3540, 14376
61418, -4474, -5520, -174, 228, -3332, 14024
61428, -4016, -5375, -114, 508, -3160, 13660
61438, -3609, -4917, -189, 644, -3116, 13340
61448, -3170, -4165, -250, 588, -3260, 13296
61458, -2776, -3445, -368, 472, -3376, 13400
61468, -2347, -2803, -420, 428, -3560, 13604
61478, -1908, -2524, -308, 640, -3500, 13436
61488, -1538, -2384, -183, 748, -3676, 13956
61498, -1501, -2161, -25, 1220, -3924, 14348
61508, -1306, -1631, 66, 1036, -4356, 14652
61518, -1034, -1623, -31, 1076, -4444, 14912
61528, -763, -1740, -42, 1000, -4096, 14632
61538, -668, -1509, 107, 1372, -4512, 14004
61548, -449, -1142, 213, 1300, -4312, 14084
61558, -366, -1245, 420, 1376, -4024, 14260
61568, -170, -1580, 548, 1412, -4176, 14476
61578, 28, -2128, 533, 1172, -4200, 14628
61588, 358, -2830, 663, 1212, -4432, 14484
61598, 707, -3318, 469, 1060, -4144, 14500
61608, 1097, -2870, 374, 1076, -3984, 14240
61618, 1199, -2512, 391, 1424, -4276, 13716
61628, 1401, -1750, 283, 1384, -3980, 14288
61638, 1527, -1160, 74, 1208, -3952, 14420
61648, 1676, -664, 17, 1096, -4716, 14112
61658, 1946, 207, -235, 1188, -4220, 13704
61668, 2091, 1227, -481, 1020, -3804, 13912
61678, 2389, 1477, -929, 436, -4028, 13884
61688, 2821, 1409, -1386, 228, -4300, 14112
61698, 3428, 969, -1864, 248, -3804, 13900
61708, 4139, 1632, -2361, 368, -3408, 13444
61718, 4613, 4820, -3011, 1048, -2304, 11828
61728, 4692, 9827, -3232, 2072, -2852, 12336
61738, 4582, 13284, -2851, 336, -3324, 13308
61748, 4784, 15275, -2762, -56, -3916, 14428
61758, 4842, 15884, -2158, -16, -4700, 14968
61768, 5197, 14405, -1510, -952, -3584, 15968
61778, 5602, 11236, -1171, -708, -3508, 15900
61788, 6139, 8372, -1489, -360, -3768, 15741
61798, 6767, 5366, -2382, -1216, -3236, 15340
61808, 7122, 4050, -3047, -1928, -2476, 14468
61818, 7378, 4291, -2784, -204, -2328, 14624
61828, 7346, 4285, -2587, 108, -2136, 16404
61838, 6782, 1213, -2557, -488, -2020, 17016
61848, 6035, 1232, -2432, -412, -1544, 16440
61858, 5560, 2136, -2357, 92, -1732, 15800
61868, 5148, 1430, -2206, -784, -1432, 16004
61878, 4681, 804, -2158, -1164, -1356, 16192
61888, 4322, 1294, -2267, -800, -1388, 15904
61898, 4148, 1249, -2286, -1084, -1280, 15460
61908, 3990, 374, -2169, -696, -1020, 15516
61918, 3630, -823, -1968, -836, -900, 15920
61928, 3180, -1470, -1873, -868, -876, 16100
61938, 2797, -1026, -1848, -456, -908, 15904
61948, 2549, -556, -1553, -136, -1016, 15796
61958, 2248, -9, -1279, -372, -768, 15900
61968, 1845, 182, -1039, -316, -768, 15908
61978, 1426, -3, -780, -540, -732, 15820
61988, 1135, -367, -556, -576, -744, 15408
61998, 1149, -522, -443, -844, -668, 14760
62008, 1503, -477, -374, -596, -848, 14320
62018, 2034, -609, -304, -832, -824, 14136
62028, 2728, -931, -235, -788, -840, 13928
62038, 3069, -1636, -187, -952, -500, 15260
62048, 2488, -1059, -383, -1060, 180, 17172
62058, 1372, -656, -505, -684, 324, 16764
62068, 898, -655, -411, -388, -240, 15676
62078, 489, -315, -262, -524, -444, 15820
62088, 186, -13, -227, -600, -424, 15384
62098, 73, 121, -150, -640, -432, 15260
62108, 232, -116, -90, -796, -468, 15024
62118, 39, 46, -106, -436, -184, 15252
62128, -91, 334, -31, -652, -340, 15032
62138, -74, 472, -67, -648, -292, 15224
62148, -63, 658, -49, -576, -308, 15368
62158, 86, 983, -53, -708, -356, 14712
62168, 419, 1694, -4, -72, -476, 14132
62178, 1320, 3253, 379, 120, -248, 14956
62188, -567, -777, 191, -2216, -12, 15724
62198, -353, 163, 125, -1224, -80, 15848
62208, -361, 246, 135, -896, -168, 15148
62218, -360, 179, 164, -836, -52, 15268
62228, -348, 192, 127, -848, -200, 15164
62238, -342, 186, 156, -792, -280, 15264
62248, -360, 187, 161, -768, -144, 15120
62258, -344, 169, 136, -936, -200, 15076
62268, -373, 139, 129, -844, -256, 15248
62278, -348, 127, 124, -896, -172, 15236
62288, -363, 132, 132, -776, -284, 15296
62298, -341, 140, 140, -812, -212, 15076
62308, -346, 126, 136, -864, -160, 15160
62318, -344, 92, 87, -920, -244, 15124
62328, -332, 38, -27, -1152, -220, 15312
62338, -327, 55, -194, -1052, -124, 15188
62348, -309, 100, -366, -1048, -228, 15336
62358, -303, 148, -536, -976, -292, 15088
62368, -279, 129, -556, -760, -240, 15156
62378, -265, 115, -589, -936, -228, 15184
62388, -267, 147, -664, -868, -148, 15204
62398, -278, 140, -591, -680, -84, 15260
62408, -259, 102, -528, -788, -220, 15360
62418, -269, 113, -467, -676, -192, 15180
62428, -263, 132, -334, -444, -160, 15312
62438, -283, 170, -135, -428, -144, 15184
62448, -307, 169, -1, -652, -284, 15168
62458, -314, 188, 75, -756, -232, 15288
62468, -336, 169, 122, -820, -68, 15244
62478, -329, 141, 117, -792, -160, 15356
62488, -333, 166, 113, -836, -192, 15352
62498, -330, 168, 130, -788, -212, 15236
62508, -321, 141, 130, -808, -220, 15228
62518, -325, 142, 139, -752, -164, 15280
62528, -328, 116, 133, -912, -140, 15268
62538, -348, 111, 128, -944, -132, 15172
62548, -352, 117, 126, -872, -144, 15292
62558, -346, 111, 129, -800, -180, 15112
62568, -342, 115, 132, -836, -180, 15268
62578, -339, 121, 99, -860, -120, 15256
62588, -331, 115, 92, -824, -288, 15024
62598, -342, 103, 85, -760, -148, 15196
62608, -335, 152, 78, -880, -232, 15076
62618, -346, 128, 81, -860, -240, 15152
62628, -329, 124, 82, -768, -344, 15168
62638, -343, 127, 113, -736, -228, 15228
62648, -347, 144, 166, -688, -252, 15200
62658, -388, 196, 300, -608, -144, 15184
62668, -398, 188, 574, -460, -120, 15200
62678, -463, 194, 1036, -268, -168, 15280
62688, -483, 187, 1254, -1020, -164, 15064
62698, -495, 186, 967, -1304, -280, 15172
62708, -477, 201, 817, -1064, -320, 15136
62718, -516, 301, 723, -732, -232, 15304
62728, -598, 343, 792, -716, -296, 15460
62738, -785, 307, 888, -576, -268, 15484
62748, -997, 626, 871, -652, 76, 15600
62758, -948, 1971, 568, -880, -268, 15376
62768, -954, 3211, 426, -916, -260, 15600
62778, -908, 4751, 176, -900, -392, 15504
62788, -819, 6055, 59, -1024, -504, 15424
62798, -798, 5491, 213, -1196, -540, 14728
62808, -731, 4106, 417, -1380, -384, 14528
62818, -733, 3109, 535, -1384, -248, 15056
62828, -740, 4009, 450, -1208, -216, 15752
62838, -807, 6458, 277, -996, -240, 16036
62848, -876, 8446, 204, -1468, -224, 16068
62858, -872, 8535, 108, -1912, -168, 15404
62868, -750, 9132, 44, -2076, -292, 15808
62878, -647, 11529, -83, -1712, -320, 16520
62888, -560, 15305, -207, -1692, -308, 16872
62898, -444, 18583, -323, -2240, -316, 16136
62908, -440, 20093, -395, -3044, -260, 15028
62918, -486, 19735, -538, -3920, -352, 14072
62928, -534, 18045, -612, -4608, -416, 13588
62938, -550, 15959, -634, -4804, -420, 13292
62948, -474, 13913, -569, -4956, -412, 12884
62958, -350, 11670, -385, -5256, -388, 12736
62968, -278, 9221, -268, -5584, -408, 12556
62978, -255, 6628, -142, -5888, -340, 12712
62988, -204, 4538, -86, -5848, -400, 12888
62998, -156, 3451, -41, -5812, -492, 13564
63008, -125, 3448, 54, -5392, -380, 14032
63018, -274, 4190, 125, -5560, -280, 14764
63028, -372, 5502, 76, -5668, -336, 14708
63038, -389, 6966, 50, -5688, -404, 14468
63048, -343, 8012, -15, -5956, -484, 14024
63058, -244, 8621, -57, -6336, -468, 13824
63068, -224, 8963, -159, -6496, -468, 13524
63078, -147, 9514, -124, -6376, -560, 13796
63088, -148, 9624, -3, -6560, -356, 13340
63098, -210, 8916, 84, -7164, -92, 12912
63108, -297, 7580, 112, -7324, -292, 12368
63118, -322, 5678, 197, -7536, -456, 11996
63128, -308, 3605, 200, -7816, -592, 11924
63138, -321, 2028, 216, -7732, -340, 12536
63148, -284, 1134, 274, -7560, -464, 12660
63158, -253, 81, 270, -7920, -588, 12336
63168, -257, -1111, 295, -7648, -696, 12244
63178, -231, -1882, 251, -7584, -580, 12888
63188, -253, -1840, 227, -7372, -328, 13268
63198, -252, -1504, 207, -7412, -420, 13348
63208, -260, -1422, 201, -7336, -472, 13092
63218, -312, -1509, 194, -7388, -316, 13236
63228, -313, -1654, 167, -7276, -332, 12960
63238, -353, -1638, 212, -7184, -332, 13392
63248, -364, -1136, 227, -7100, -368, 13596
63258, -357, -380, 179, -7088, -356, 13456
63268, -332, 187, 173, -7188, -380, 13392
63278, -355, 450, 125, -7164, -364, 13332
63288, -322, 375, 140, -7220, -304, 13052
63298, -330, 97, 110, -7404, -408, 12992
63308, -310, -74, 108, -7204, -372, 13180
63318, -322, -36, 151, -7180, -252, 13276
63328, -313, -84, 160, -7208, -316, 13032
63338, -357, -356, 183, -7288, -328, 13040
63348, -346, -437, 172, -7100, -340, 13284
63358, -336, -330, 130, -7200, -344, 13292
63368, -317, -377, 128, -7204, -432, 13160
63378, -316, -710, 124, -7192, -336, 12968
63388, -315, -1256, 172, -7272, -412, 12932
63398, -310, -1934, 180, -7200, -428, 12772
63408, -320, -2604, 219, -7056, -428, 12924
63418, -332, -3122, 245, -7068, -380, 13156
63428, -304, -3297, 237, -6896, -348, 13320
63438, -342, -3359, 225, -6908, -288, 13396
63448, -343, -3545, 234, -6900, -248, 13496
63458, -379, -3852, 196, -6796, -428, 13336
63468, -437, -4148, 221, -6728, -316, 13516
63478, -505, -4580, 296, -6484, -392, 13444
63488, -593, -5330, 351, -6488, -304, 13192
63498, -716, -6744, 448, -6564, -96, 12900
63508, -1060, -9611, 753, -6440, 412, 12600
63518, -1577, -13443, 1418, -5604, 924, 12748
63528, -2309, -17783, 2249, -5092, 1268, 13220
63538, -3046, -22045, 2979, -5072, 1140, 12884
63548, -3244, -24879, 3112, -4796, -100, 13000
63558, -3072, -26060, 2944, -4040, -1192, 13608
63568, -2636, -25369, 2789, -3364, -1260, 14720
63578, -2580, -24265, 2484, -3048, -608, 15800
63588, -3070, -24040, 2200, -2788, -184, 16352
63598, -3486, -25579, 2029, -2984, -1848, 17240
63608, -2322, -23351, 1937, -1476, -1396, 17028
63618, -2091, -19313, 1420, -836, -1440, 16472
63628, 228, -9706, 1402, 4116, -3232, 18480
63638, -113, 257, 573, -12, -1132, 15080
63648, -99, -2728, 371, -2228, -1628, 16324
63658, 180, -6775, 571, -1432, -768, 16348
63668, 336, -8089, 674, -552, -740, 15216
63678, 604, -7242, 704, -60, -1172, 14604
63688, 764, -5862, 626, 124, -932, 14472
63698, 840, -5009, 640, 32, -548, 15212
63708, 925, -5958, 733, -192, -404, 16036
63718, 1056, -8172, 764, -360, -760, 16628
63728, 941, -9847, 775, 48, -688, 16352
63738, 717, -10436, 745, 444, -596, 16056
63748, 380, -9999, 607, 984, -620, 15564
63758, 180, -9663, 569, 1144, -696, 15456
63768, 58, -9703, 524, 1196, -544, 15400
63778, 60, -10081, 525, 1268, -584, 15396
63788, -66, -9449, 269, 1484, -728, 14644
63798, -177, -7982, -10, 2128, -704, 14344
63808, -370, -6565, -243, 4120, -1516, 15056
63818, -383, -5032, -109, 2524, -388, 14280
63828, -203, -4709, -47, 2620, -244, 14808
63838, -46, -5563, 37, 2076, -296, 15416
63848, 392, -7460, 289, 2396, -612, 15820
63858, 591, -9142, 263, 2884, -996, 16220
63868, 556, -10054, 362, 3168, -652, 15908
63878, 242, -10063, 346, 3048, -464, 15312
63888, 70, -10222, 396, 3040, -276, 15120
63898, 29, -10655, 494, 3656, -428, 15360
63908, 34, -11135, 469, 3364, -588, 15208
63918, 23, -11502, 401, 3948, -480, 15156
63928, 112, -11505, 396, 4260, -448, 14332
63938, 29, -10383, 346, 4776, -352, 14060
63948, -132, -8834, 278, 5104, -384, 13904
63958, -149, -7625, 243, 5364, -376, 13996
63968, -175, -6748, 208, 5376, -388, 14112
63978, -157, -6161, 224, 5444, -372, 14112
63988, -245, -6071, 242, 5372, -420, 14672
63998, -134, -6370, 311, 5516, -388, 14656
64008, -127, -6287, 353, 5776, -408, 14264
64018, -169, -5834, 362, 5892, -344, 14052
64028, -201, -5375, 317, 5924, -268, 14240
64038, -145, -5250, 326, 5992, -436, 14232
64048, -178, -4970, 284, 6196, -364, 14196
64058, -219, -4781, 224, 6260, -444, 14196
64068, -221, -4429, 210, 6472, -348, 14076
64078, -230, -4186, 169, 6520, -456, 13984
64088, -245, -4048, 186, 6624, -356, 14040
64098, -234, -3626, 178, 6872, -380, 13764
64108, -277, -2738, 142, 6788, -332, 13448
64118, -315, -1715, 97, 7084, -452, 13396
64128, -299, -834, 134, 7076, -288, 13476
64138, -307, -312, 123, 6964, -264, 13688
64148, -298, 129, 118, 6896, -420, 13676
64158, -330, 751, 96, 6896, -440, 13628
64168, -330, 1281, 88, 7004, -372, 13648
64178, -325, 1851, 79, 6924, -404, 13692
64188, -361, 2405, 80, 6708, -344, 13788
64198, -403, 2575, 26, 6572, -300, 14352
64208, -374, 2075, 36, 6488, -300, 14520
64218, -407, 1455, 50, 6268, -396, 14700
64228, -347, 707, 100, 6292, -412, 14484
64238, -323, 223, 132, 6528, -312, 14380
64248, -312, -69, 135, 6324, -260, 14416
64258, -298, -397, 164, 6492, -336, 14168
64268, -348, -491, 167, 6552, -416, 14168
64278, -304, -278, 145, 6656, -484, 13944
64288, -318, 79, 117, 6628, -364, 13900
64298, -340, 410, 102, 6744, -412, 13968
64308, -333, 649, 99, 6556, -344, 14076
64318, -341, 333, 88, 6400, -264, 14348
64328, -321, 51, 122, 6392, -316, 14448
64338, -331, -26, 139, 6572, -292, 14168
64348, -330, -200, 109, 6476, -408, 14340
64358, -304, -455, 131, 6572, -368, 14188
64368, -309, -253, 154, 6664, -384, 13816
64378, -325, 149, 123, 6692, -432, 13912
64388, -340, 382, 116, 6560, -304, 14108
64398, -374, 279, 71, 6440, -392, 14172
64408, -343, 336, 69, 6584, -276, 14120
64418, -365, 445, 66, 6640, -396, 14020
64428, -340, 481, 57, 6552, -400, 14056
64438, -350, 425, 83, 6524, -384, 14184
64448, -334, 320, 85, 6492, -172, 14172
64458, -349, 425, 104, 6564, -368, 14032
64468, -321, 678, 95, 6604, -356, 14036
64478, -329, 1093, 88, 6684, -352, 13764
64488, -361, 1763, 44, 6776, -276, 13708
64498, -360, 2632, 13, 6604, -240, 13644
64508, -408, 3519, -36, 6688, -276, 13928
64518, -374, 4294, -50, 6656, -328, 13828
64528, -427, 4993, -127, 6280, -332, 13972
64538, -443, 5659, -217, 6156, -336, 13712
64548, -527, 6284, -352, 6056, -276, 14128
64558, -583, 7006, -501, 5812, -192, 13940
64568, -659, 8340, -1003, 5428, -424, 13684
64578, -819, 10546, -1557, 5612, 96, 13160
64588, -1065, 14075, -1861, 5788, 88, 12620
64598, -1363, 17060, -2055, 4744, -176, 13404
64608, -1472, 18019, -2668, 3752, -168, 13816
64618, -1348, 18610, -2551, 3696, -596, 14480
64628, -1220, 18523, -2808, 3776, -1088, 15040
64638, -1108, 17796, -3161, 2628, -1352, 15084
64648, -1177, 17586, -3219, 1824, -276, 15000
64658, -517, 12557, -2947, 2624, -1524, 12812
64668, -669, 14822, -3067, 3336, -800, 14208
64678, -969, 16931, -3314, 2732, -584, 13100
64688, -891, 19060, -3605, 1416, -1060, 14232
64698, -582, 20481, -3720, 1800, -500, 14508
64708, -65, 21564, -3433, 1292, -532, 15096
64718, 590, 21573, -3255, 748, -448, 14932
64728, 1120, 21474, -2705, 724, -244, 15148
64738, 1719, 20462, -1956, -12, -124, 16044
64748, 4352, -2311, 203, -5364, 1500, 20320
64758, -805, -1010, -84, -792, -604, 15412
64768, -70, 531, -201, -308, -256, 14916
64778, -259, 287, -36, -1044, -252, 15400
64788, -250, 368, -78, -1016, -248, 15064
64798, -257, 263, -145, -852, -140, 15172
64808, -256, 289, -166, -848, -220, 15144
64818, -250, 247, -174, -728, -212, 15092
64828, -273, 207, -134, -928, -212, 15160
64838, -309, 236, -99, -728, -260, 15284
64848, -313, 208, -51, -748, -272, 15200
64858, -328, 170, 35, -804, -172, 15116
64868, -337, 180, 73, -596, -232, 15144
64878, -324, 144, 92, -792, -168, 15192
64888, -355, 161, 124, -796, -236, 15184
64898, -336, 142, 134, -840, -88, 15104
64908, -360, 154, 112, -888, -200, 15096
64918, -352, 133, 124, -848, -208, 15200
64928, -342, 144, 129, -796, -180, 15244
64938, -351, 152, 127, -852, -220, 15232
64948, -312, 106, 134, -980, -280, 15160
64958, -328, 87, 140, -856, -168, 15164
64968, -338, 110, 150, -820, -100, 15008
64978, -348, 114, 138, -860, -264, 15100
64988, -340, 111, 124, -832, -220, 15200
64998, -346, 133, 134, -840, -228, 15088
65008, -342, 142, 127, -716, -228, 15068
65018, -328, 148, 121, -852, -200, 15276
65028, -344, 137, 154, -952, -332, 15260
65038, -341, 147, 130, -828, -244, 15188
65048, -338, 157, 164, -812, -160, 15164
65058, -330, 140, 137, -840, -204, 15072
65068, -338, 120, 132, -852, -128, 15160
65078, -333, 120, 137, -784, -164, 15328
65088, -350, 125, 132, -880, -188, 15180
65098, -347, 127, 126, -808, -196, 15172
65108, -336, 154, 141, -852, -132, 15200
65118, -348, 140, 157, -884, -300, 15396
65128, -355, 131, 150, -796, -204, 15128
65138, -354, 125, 162, -976, -176, 15256
65148, -353, 127, 151, -804, -216, 15172
65158, -344, 75, 120, -920, -224, 15076
65168, -371, 89, 123, -816, -180, 15176
65178, -352, 120, 150, -872, -204, 15272
65188, -345, 86, 127, -884, -200, 15488
65198, -366, 85, 145, -684, -156, 15224
65208, -358, 135, 145, -684, -164, 15252
65218, -334, 139, 127, -788, -240, 15204
65228, -346, 113, 127, -980, -332, 15168
65238, -350, 83, 135, -944, -200, 15260
65248, -352, 90, 153, -1020, -196, 15176
65258, -330, 97, 128, -880, -216, 15216
65268, -310, 127, 134, -752, -220, 15244
65278, -343, 116, 130, -880, -136, 15228
65288, -323, 123, 150, -896, -220, 15236
65298, -319, 138, 127, -804, -144, 15084
65308, -310, 136, 141, -868, -144, 15088
65318, -325, 130, 113, -916, -260, 15232
65328, -332, 132, 123, -916, -204, 15148
65338, -331, 105, 160, -892, -160, 15200
65348, -333, 136, 120, -884, -252, 15156
65358, -324, 126, 148, -832, -176, 15268
65368, -309, 98, 122, -816, -216, 15212
65378, -301, 112, 120, -824, -352, 15348
65388, -339, 118, 118, -840, -124, 15360
65398, -336, 102, 154, -828, -168, 15204
65408, -334, 129, 144, -848, -240, 15148
65418, -323, 126, 107, -932, -180, 15228
65428, -327, 121, 145, -884, -204, 15028
65438, -325, 135, 127, -860, -152, 15232
65448, -327, 95, 133, -900, -264, 15344
65458, -333, 86, 107, -796, -168, 15112
65468, -301, 139, 136, -568, -124, 15068
65478, -304, 109, 138, -808, -108, 15292
65488, -304, 106, 137, -800, -164, 15172
65498, -309, 131, 138, -804, -216, 15148
65508, -331, 134, 151, -796, -168, 15300
65518, -336, 127, 165, -816, -196, 15176
65528, -243, -1231, 17, -2716, -248, 19960
65538, -323, -85, 174, -1988, -172, 16380
65548, -340, 136, 141, -580, -128, 14980
65558, -325, 136, 142, -668, -208, 15036
65568, -332, 137, 157, -772, -260, 14976
65578, -334, 146, 159, -904, -168, 15008
65588, -329, 128, 140, -892, -212, 15196
65598, -340, 126, 145, -728, -116, 15136
65608, -325, 116, 165, -864, -180, 15288
65618, -342, 96, 138, -780, -272, 15080
65628, -344, 140, 147, -804, -224, 15192
65638, -354, 142, 141, -740, -256, 15156
65648, -348, 103, 137, -780, -148, 15204
65658, -349, 129, 128, -784, -200, 15244
65668, -299, 143, 135, -740, -196, 15228
65678, -344, 132, 140, -852, -144, 15116
65688, -355, 148, 122, -772, -188, 15192
65698, -343, 133, 128, -952, -212, 15228
65708, -324, 129, 134, -880, -288, 15312
65718, -340, 116, 130, -916, -272, 15180
65728, -345, 111, 112, -856, -108, 15284
65738, -326, 108, 136, -876, -200, 15200
65748, -332, 105, 132, -832, -152, 15164
65758, -349, 112, 147, -876, -200, 15188
65768, -347, 130, 133, -832, -196, 15272
65778, -357, 131, 120, -836, -160, 15288
65788, -340, 116, 126, -864, -176, 15180
65798, -363, 114, 118, -852, -200, 15188
65808, -328, 104, 148, -704, -176, 15088
65818, -336, 118, 127, -808, -76, 15196
65828, -347, 119, 126, -880, -228, 15228
65838, -346, 120, 116, -848, -128, 15156
65848, -355, 137, 121, -792, -212, 15344
65858, -349, 95, 121, -816, -204, 15196
65868, -333, 122, 119, -808, -268, 15248
65878, -341, 124, 137, -832, -152, 15212
65888, -344, 127, 148, -772, -228, 15232
65898, -340, 131, 141, -816, -116, 15148
65908, -340, 124, 140, -844, -132, 15156
65918, -331, 136, 131, -724, -224, 15088
65928, -345, 124, 138, -912, -268, 15160
65938, -345, 117, 137, -840, -224, 15148
65948, -350, 135, 133, -944, -216, 15136
65958, -344, 139, 147, -828, -232, 15208
65968, -343, 139, 118, -828, -152, 15276
65978, -345, 119, 143, -760, -144, 15176
65988, -330, 118, 113, -840, -260, 15144
65998, -335, 151, 132, -760, -240, 15092
66008, -340, 111, 154, -808, -156, 15132
66018, -347, 107, 152, -816, -160, 15124
66028, -344, 121, 127, -848, -132, 15096
66038, -355, 157, 146, -836, -172, 15400
66048, -347, 116, 145, -768, -124, 15032
66058, -335, 119, 119, -836, -120, 15356
66068, -365, 122, 134, -880, -248, 15208
66078, -355, 138, 124, -780, -136, 15224
66088, -325, 118, 118, -792, -148, 15252
66098, -354, 128, 139, -828, -252, 15032
66108, -345, 122, 155, -820, -140, 15288
66118, -339, 133, 130, -872, -180, 15276
66128, -336, 111, 133, -788, -164, 15116
66138, -353, 99, 123, -860, -264, 15216
66148, -327, 101, 134, -876, -168, 15164
66158, -350, 133, 130, -848, -120, 15260
66168, -335, 137, 132, -800, -136, 14948
66178, -337, 108, 149, -848, -224, 15216
66188, -337, 131, 148, -816, -208, 15192
66198, -356, 121, 144, -832, -160, 15204
66208, -354, 121, 142, -748, -204, 15212
66218, -334, 128, 109, -856, -208, 15232
66228, -330, 108, 139, -796, -216, 15248
66238, -331, 114, 134, -828, -204, 15064
66248, -357, 132, 141, -712, -208, 15204
66258, -359, 133, 142, -912, -236, 15220
66268, -348, 138, 140, -832, -192, 15200
66278, -362, 122, 136, -872, -184, 15092
66288, -330, 156, 145, -756, -184, 15144
66298, -335, 134, 117, -832, -236, 15196
66308, -346, 138, 111, -936, -112, 15120
66318, -350, 129, 126, -848, -236, 15072
66328, -361, 156, 145, -784, -176, 15208
66338, -359, 132, 133, -968, -156, 15264
66348, -349, 115, 136, -828, -204, 15256
66358, -353, 128, 117, -792, -180, 15348
66368, -327, 147, 120, -844, -228, 15212
66378, -335, 117, 110, -848, -132, 15136
66388, -327, 130, 134, -908, -136, 15140
66398, -354, 131, 143, -860, -272, 15056
66408, -324, 143, 123, -788, -160, 15108
66418, -370, 143, 140, -908, -204, 15208
66428, -337, 124, 131, -972, -160, 14988
66438, -367, 117, 127, -780, -180, 15340
66448, -355, 117, 129, -812, -256, 15184
66458, -349, 106, 142, -836, -76, 15252
66468, -352, 103, 139, -848, -164, 15084
66478, -370, 134, 149, -812, -80, 15140
66488, -341, 143, 133, -796, -236, 15280
66498, -342, 132, 145, -848, -268, 15140
66508, -348, 123, 146, -800, -228, 15204
66518, -345, 132, 145, -732, -120, 15256
66528, -339, 121, 156, -768, -140, 15312
66538, -337, 126, 124, -784, -232, 15120
66548, -349, 131, 148, -832, -200, 15224
66558, -341, 126, 147, -816, -216, 15104
66568, -322, 110, 128, -812, -180, 15232
66578, -340, 127, 117, -776, -200, 15316
66588, -342, 140, 146, -864, -188, 15176
66598, -340, 137, 134, -848, -100, 15148
66608, -362, 126, 164, -860, -168, 15164
66618, -354, 112, 148, -824, -220, 15152
66628, -347, 125, 133, -700, -68, 15164
66638, -360, 114, 147, -828, -176, 15344
66648, -348, 133, 143, -768, -224, 15200
66658, -357, 147, 132, -840, -212, 15144
66668, -330, 128, 131, -808, -236, 15244
66678, -349, 115, 152, -860, -92, 15224
66688, -359, 124, 133, -852, -164, 15132
66698, -332, 131, 129, -880, -268, 15168
66708, -350, 121, 132, -860, -200, 15236
66718, -345, 133, 124, -812, -120, 15208
66728, -355, 141, 132, -840, -144, 15160
66738, -358, 124, 126, -868, -132, 15244
66748, -346, 143, 163, -784, -208, 15252
66758, -348, 105, 134, -832, -160, 15360
66768, -353, 127, 133, -856, -248, 15168
66778, -328, 131, 135, -948, -232, 15196
66788, -345, 124, 133, -904, -152, 15216
66798, -342, 128, 119, -868, -240, 15188
66808, -351, 133, 137, -884, -164, 15224
66818, -336, 133, 130, -848, -176, 15080
66828, -354, 107, 129, -856, -204, 15240
66838, -346, 126, 142, -856, -140, 15276
66848, -339, 137, 138, -752, -272, 15156
66858, -347, 127, 122, -864, -180, 15288
66868, -341, 137, 140, -772, -196, 15188
66878, -339, 121, 121, -784, -116, 15324
66888, -321, 124, 126, -868, -268, 15252
66898, -345, 139, 132, -864, -76, 15268
66908, -350, 129, 141, -792, -136, 15120
66918, -335, 131, 165, -728, -140, 15104
66928, -356, 142, 117, -776, -136, 15084
66938, -328, 112, 138, -812, -124, 15216
66948, -353, 130, 135, -824, -144, 15292
66958, -372, 132, 138, -752, -220, 15200
66968, -377, 117, 134, -792, -192, 15184
66978, -344, 139, 144, -864, -232, 15136
66988, -345, 142, 115, -780, -188, 15208
66998, -336, 141, 139, -936, -140, 15284
67008, -344, 142, 111, -836, -164, 15112
67018, -349, 124, 137, -784, -120, 15104
67028, -331, 136, 136, -816, -120, 15188
67038, -339, 157, 152, -812, -80, 15136
67048, -341, 130, 135, -880, -196, 15208
67058, -357, 104, 134, -868, -144, 15200
67068, -368, 121, 131, -848, -204, 15064
67078, -349, 128, 125, -904, -252, 15132
67088, -348, 124, 122, -764, -200, 15244
67098, -364, 126, 134, -868, -184, 15244
67108, -335, 133, 129, -756, -236, 15252
67118, -336, 123, 137, -852, -128, 15100
67128, -312, 124, 125, -848, -260, 15200
67138, -340, 126, 129, -872, -236, 15232
67148, -360, 132, 144, -756, -280, 15260
67158, -346, 118, 136, -892, -120, 15404
67168, -329, 82, 138, -820, -196, 15112
67178, -349, 128, 140, -828, -140, 15048
67188, -361, 129, 137, -816, -148, 15080
67198, -366, 112, 124, -840, -176, 15204
67208, -336, 127, 138, -716, -164, 15140
67218, -358, 138, 112, -860, -204, 15164
67228, -339, 106, 137, -780, -148, 15116
67238, -349, 140, 131, -800, -176, 15128
67248, -352, 113, 139, -836, -84, 15232
67258, -354, 143, 157, -860, -196, 15224
67268, -348, 132, 124, -880, -216, 15040
67278, -344, 120, 153, -868, -160, 15132
67288, -339, 129, 128, -888, -192, 15284
67298, -347, 127, 150, -872, -208, 15144
67308, -351, 131, 131, -904, -112, 15172
67318, -333, 121, 130, -760, -200, 15284
67328, -350, 112, 151, -852, -192, 15060
67338, -355, 139, 130, -848, -124, 15136
67348, -341, 138, 139, -860, -248, 15120
67358, -363, 134, 143, -864, -176, 15184
67368, -350, 153, 122, -836, -172, 15168
67378, -337, 136, 137, -796, -164, 15224
67388, -340, 160, 120, -824, -216, 15284
67398, -346, 105, 146, -772, -272, 15072
67408, -342, 99, 145, -760, -200, 15068
67418, -342, 126, 124, -928, -136, 15192
67428, -347, 114, 137, -904, -240, 15220
67438, -345, 119, 111, -828, -104, 15320
67448, -360, 118, 143, -912, -200, 15368
67458, -353, 117, 112, -852, -148, 14956
67468, -375, 120, 121, -908, -148, 15376
67478, -339, 114, 132, -872, -268, 15172
67488, -353, 115, 91, -820, -184, 15180
67498, -350, 110, 82, -888, -132, 15232
67508, -368, 112, 90, -772, -164, 15260
67518, -345, 115, 82, -976, -180, 15116
67528, -364, 104, 58, -796, -244, 15200
67538, -383, 151, 72, -776, -368, 15348
67548, -394, 207, 117, -716, -256, 15104
67558, -426, 243, 148, -672, -204, 15200
